id_global,Actual_currTemp,Actual_currTint,pred_Temperature,pred_Tint,Temperature,Tint
C68C8010-495C-4427-9F4D-664C2D71EFAD,6317.0,4.0,3444,-8,4150,2
8EFC0EC0-0936-41CC-81BD-513B35D2CB23,5767.0,13.0,3946,5,4700,4
4A28220F-024E-4637-80ED-B4533578AFEB,5496.0,6.0,5280,13,5000,12
05A76E40-9B2C-40FD-95D4-EF976598640C,3730.0,12.0,3438,9,3150,9
B63A179E-232C-4133-BB24-8784B60DECEE,3661.0,-6.0,3382,10,3633,4
D625DC86-F48E-47B1-B0CB-9C047392F51C,5713.0,4.0,4836,7,5032,18
CCEAEBCF-2519-4B65-A823-F56B7298BBA7,3386.0,15.0,2728,1,3300,8
8042A8A4-2248-40F6-A2A6-7F4CD0A3E777,5467.0,6.0,7040,5,6273,2
6757810D-5447-49C8-8FAA-171EA8FC7886,4679.0,18.0,4484,17,4900,25
8AC002DD-18F9-481F-B9C0-447C639727F5,6071.0,4.0,5728,-1,5847,6
B242DC6E-8AE6-4C20-8D54-AC9ECD8DEA39,5080.0,6.0,6724,20,6674,22
35844446-9880-44B3-9489-2FEC5C7A3F7E,4925.0,17.0,4848,4,5300,18
975F13D1-2EA2-4F85-A7DB-C0AFBC9E60FC,5248.0,11.0,5128,-17,5300,-16
10F7C552-211B-4D2A-B5A9-AE89CA471F10,4978.0,11.0,5068,20,5282,24
59B525CD-A83C-4BBF-A16C-FFAF03EC4C1D,5256.0,11.0,5448,4,5600,7
420FD19F-A144-47D4-AE21-3E9754AA6599,5184.0,7.0,4836,0,5250,4
0E7927BC-3BBD-4944-9881-1257008CCC58,4362.0,-1.0,2332,-4,3200,4
7F254DE9-579B-4689-AC37-094C0112FAA9,5149.0,12.0,4908,6,5050,5
F9239C10-58EF-41F9-BFA5-19A7DDE90C39,5581.0,12.0,4196,11,4982,12
4C31447A-4871-4B73-B2B4-0E9E48C45711,5424.0,9.0,3886,1,4650,0
C24E2B55-3542-4ABE-AC30-4261A2DBCCF6,5647.0,6.0,6132,-6,6333,6
C7F0A894-145B-487C-8498-EAC598A13CC1,5965.0,13.0,5424,12,5400,13
547D4043-1BD5-47D0-98A9-112423E5E814,6942.0,2.0,4388,1,4450,4
FDD73466-ED4B-4A82-8526-CF58737856A1,5248.0,11.0,4688,-7,4600,-5
1CDE6C4A-1491-4AE3-A04B-61216F49BC0B,4679.0,18.0,4488,19,5200,20
DA9D7906-72EE-49B9-9FE0-49FA52AFE355,4050.0,-6.0,4808,0,3850,-7
E986C030-E60C-4913-87B1-63FB9BDD6AAD,4679.0,18.0,4828,14,4950,20
80CEC3D4-FA97-40EB-A1D6-F25F1E212309,5379.0,11.0,5560,9,5590,9
13E9F417-8A6B-408D-9E3D-D3B4534C2EC1,5576.0,11.0,4376,12,4600,14
D1F63A92-6402-47C5-BC4B-9BBE0BB88267,5713.0,4.0,4916,7,5307,9
EDA3047A-CB96-4E60-88B7-265A54731256,5791.0,5.0,7744,-9,6635,-2
805486CA-1FBE-4A5D-835E-525B18459976,5094.0,11.0,4628,2,5000,5
A2C2C76A-5653-4A82-952A-608C089324C0,4307.0,22.0,5340,6,5250,3
10C89B92-A473-4BB3-B0A4-C55AD70AFD5D,6317.0,4.0,3918,-1,4450,-1
64A147E3-A989-4325-A76B-4D268EFEE6FC,6942.0,2.0,3120,-3,3400,1
65051571-8904-43DC-9049-3A75EB61605B,4865.0,0.0,3610,-22,4650,-10
3F3CFB37-F3DA-4A43-B18C-378D79BAAB5C,7264.0,2.0,9856,8,7800,5
6299A4C1-1DC0-4003-9D82-8735E353D2C8,3747.0,4.0,3010,-4,3350,-1
81F93E3A-F0F4-42EC-8169-0E4B70737E16,5471.0,1.0,3834,0,4550,5
EE0C3D3E-2D81-463D-8A0F-649B302C96BB,4925.0,15.0,5804,12,5000,4
990084CA-C0B0-4A57-9E8F-922CF05B649D,5990.0,6.0,5060,11,5150,8
7FD95351-7F82-4362-B5E0-BA1FC5E462BD,7597.0,1.0,5060,12,4700,17
8A92B559-7EF8-4CFF-8B41-52879139B06C,6305.0,12.0,5296,-4,5100,10
237FAAB9-02CD-46D9-98C0-3115E4FAF51E,5287.0,11.0,5296,18,5250,10
C0E1EE78-5695-42EB-82D5-5D83F5172CC3,5354.0,-3.0,4396,-8,4500,-5
6F7F8840-502B-401A-9299-17D8ED2BDC7E,5496.0,6.0,4796,27,4650,30
6CCEC56B-DEF7-419F-B6B0-E49D4D508FF3,5310.0,-1.0,4676,-10,4400,-8
8E7BD6F2-9143-425D-B935-5ADD2EF57437,6238.0,23.0,5728,12,5984,17
322BDD3B-B708-4016-B708-80A74C437994,4840.0,0.0,5228,-3,5682,5
5EFD5960-9450-43A0-9406-19A514970946,3772.0,-4.0,3508,-13,3000,-6
537B1DE7-89DB-4325-9801-C2C6DEAF0C08,6173.0,5.0,5472,2,5750,2
FA38757B-327C-4313-926F-F30B1F94F37C,6137.0,9.0,4444,16,5777,14
08C1AC01-AB2E-4577-992B-6542EFF49968,5496.0,6.0,4884,16,4950,15
3937CC22-F203-4557-B032-BC71E133F6A4,4541.0,13.0,3566,-6,4332,2
D4900764-2D51-46B0-A6A9-D656873F65C4,5496.0,6.0,5444,12,5300,14
FE5F70C1-4020-4759-AA75-795D224D8843,4710.0,13.0,4564,2,5050,2
F6697627-E07C-438B-8C3A-4FCC5365371D,5258.0,11.0,5488,19,5532,25
D3B77FFA-CF6A-46AA-A641-A98814A8652F,3401.0,7.0,2122,9,2800,6
7F6B37AD-72AE-4194-813C-91EBF41194DA,7125.0,15.0,4804,8,4769,8
F629F3EB-D099-47E5-A3C4-A117D7E56C63,3794.0,-2.0,3738,14,4350,17
7E41BC86-2684-47FC-9102-D4EFC0E53F87,6217.0,6.0,5132,7,5419,6
CF14EC0E-036C-42A3-8A0C-F482535D97E7,3175.0,8.0,1920,6,2550,6
DC294E06-0F36-4DC9-9321-382C74577093,3008.0,-4.0,2170,-7,2700,-3
BAFD3851-DAED-4E2F-B7BA-F5632289F4C6,6552.0,-2.0,5068,4,5107,0
C3DF0E66-FBD5-46E9-BE1D-3726F15ACE18,5440.0,8.0,6592,15,6554,20
AB1002D5-E74C-47D4-B33C-BF5DD155FA41,4976.0,15.0,4996,4,5582,3
68CED910-3D9E-4954-A016-5199ED171744,4679.0,18.0,4540,22,4950,25
AEF1372E-215C-4AAE-B3C0-73D1841B524A,5578.0,20.0,4356,11,5000,12
88253CB4-2AF0-4333-9C54-0C8045403973,7597.0,1.0,6660,17,6250,14
4AC20EC9-F3D4-4B45-BB9B-8858D2AF59E2,5023.0,19.0,4396,14,5008,17
EED47D8F-AD58-426B-8BAB-2839C5C36C73,4704.0,18.0,4960,14,5100,13
43DB9F5A-40E6-4194-BCF4-DEB945D52D5F,5048.0,3.0,4340,7,4850,7
ECBD1A42-EA51-4110-AB2C-5FA3DA2F6B5C,3431.0,-12.0,2532,-4,3200,-1
E4AE6B6B-CDB4-4517-A24C-457CCA7B0F76,5990.0,6.0,5288,4,5000,10
CDEE4D65-BB63-46E9-871F-CD42076EFDAB,4988.0,-2.0,3560,-26,4500,-15
2AFC1B95-5C46-4A42-9BEB-5A3D18503ECC,4268.0,14.0,3340,15,3850,18
080F58AC-1F18-40F1-A0B6-64D9B522076C,4848.0,11.0,5788,14,5632,19
EE3E6B15-C87E-4611-83CF-6ADEE6E724DA,4084.0,3.0,3376,4,3900,6
FF5F2CA2-21DA-4B93-A794-FDFC94FE2D5B,5391.0,11.0,5700,18,5750,23
B2AFF805-0132-4915-A9B9-F64287218F9B,5007.0,14.0,5316,10,5550,11
317D8000-FDF7-4789-AC9B-D1C77FBCA150,7058.0,23.0,7104,14,6850,18
9A4B0818-69FF-4E7B-BD28-27D7C2BA222E,6256.0,6.0,4012,-20,4250,-20
B17B479C-5183-4034-BBCE-9336BE96D825,5891.0,7.0,5292,2,5682,11
A716A619-734C-4949-BF8B-94817E45AE2B,5256.0,11.0,4328,3,4500,7
4753EC16-4714-40EF-B887-FA978FB59F47,4978.0,11.0,6920,16,6885,13
CBBEB8C9-5FE1-4FFA-AF30-533C07FCEA7E,7124.0,23.0,5292,17,5395,17
85941118-BBEA-4A47-838E-F38FF3E645BB,5256.0,11.0,5812,16,5470,13
F0442D59-7EC1-45BB-AC14-808876761B7B,4749.0,-10.0,5192,-7,5300,-8
36672839-5C1E-457C-A415-2FF2EF0BF387,5702.0,16.0,5532,12,5958,13
A0031625-97C7-4947-9856-C79494887513,6067.0,6.0,6056,7,6100,9
0359D45D-A48C-41B9-ACFE-997B1A3F84B3,7597.0,1.0,4108,12,4206,7
3A771069-BE5E-47BB-8655-30AC8DA4EDC1,5045.0,12.0,3826,12,4050,15
36383DA5-5496-425A-9047-EEA43460F58C,4679.0,18.0,5096,14,5000,25
4A35A8D7-00BC-42ED-817F-8C57FEDFFFE5,6256.0,6.0,4796,11,5430,14
CDD93477-0BDC-481A-B6FE-A1421AC19CA9,5713.0,4.0,4320,-5,4650,-3
E0F010A9-6BEC-443E-AF11-468F721DCC1A,5178.0,14.0,4776,19,5100,14
E5A0B739-A8D8-4741-9579-F00E3CFC1316,7597.0,1.0,4852,20,5250,17
C0C0A5B6-A367-4D94-903B-FF644EBA6A5A,5767.0,27.0,5016,15,5200,22
107A334D-0540-47A0-8C7F-F09A10FC6149,5379.0,11.0,4708,3,5000,9
F035B761-1C77-4638-A2D1-589096331908,5764.0,17.0,5552,1,5500,14
0A824EA4-D7C0-483C-9897-BAA997F8D718,5518.0,7.0,4812,9,5000,-5
C3F7B6B5-C8AF-43C0-AE94-B5149DDA1B0C,6317.0,4.0,3564,1,3600,-3
817A1634-21B0-436B-8B25-771100063F29,5064.0,6.0,5536,-4,5100,8
BE3A1A73-BF3B-438D-B656-37FC3A8F7F5F,9359.0,10.0,8968,6,7800,6
1F856F9B-A5E8-43B9-80E0-DEA5C9EBD550,5179.0,12.0,6416,13,6024,16
9412E6B6-47E6-4784-86E7-DD0AD9FF6BB6,4679.0,18.0,4184,12,4700,16
788AF332-D0D1-4F8B-BA8D-E9A045BBFEBA,5634.0,6.0,4996,12,5500,10
DF1B8FB1-398F-49EC-817D-EF6C0F8A66BA,3369.0,6.0,2888,12,3600,11
0C646150-E032-4E32-A6B6-83825F163260,4956.0,-6.0,4244,-18,4550,-5
907F4951-A616-43C7-9DBA-2E37B1A123D2,5720.0,6.0,5816,3,6123,10
DFA6B889-7AED-444E-823F-66C39B41D181,5598.0,10.0,6268,-5,5550,0
E516438A-4A3A-4DDA-BF15-D6192DB17224,5580.0,5.0,4196,15,4650,3
04887934-0340-4A27-ACAC-241A03548582,6256.0,6.0,4640,6,4830,9
7CE0482E-2D27-4244-8079-FCE0273CEC8D,6317.0,4.0,4352,-4,4400,-1
395D7BAF-D7C2-4BB9-8142-5502E14B4179,5184.0,7.0,4488,14,5000,11
A0F094AC-ECE7-463B-AAC4-01D2A8597226,4487.0,5.0,5908,6,6711,9
73A5D5BF-4E78-475A-BC69-89069E1C4B88,5084.0,14.0,4328,7,4600,16
D1FEA6C8-8516-4F41-8573-94578749CBE3,3675.0,7.0,3220,3,3400,8
A17C3952-6FA4-4CB6-981B-3AA93EBC6D28,4551.0,4.0,4204,11,4500,0
FCADB93D-7B36-4DB8-8A5A-20F3B35220B9,6256.0,6.0,4904,6,4700,4
D5116C36-FCF7-459D-9972-4F28D2BCBACA,5258.0,11.0,6084,6,6182,9
57FEB93F-402E-4B50-95CB-8D05AD25E3FF,3961.0,-13.0,3284,-9,3800,-18
9A769815-DBDD-47E0-BACE-5DC6B219EE3E,5634.0,6.0,5680,-1,6157,2
BE5D8693-5243-4BBA-8D6B-E666E3484763,5613.0,19.0,4608,13,4750,12
27A460F7-BC02-4B63-8C4F-AC21649D9434,5516.0,11.0,5820,18,6382,19
7452D0CD-DD10-41D3-A1C3-D7D3E3E2318A,6942.0,2.0,5596,10,5669,9
029B4D03-C162-4DB8-A086-3E7DAE8AE158,5256.0,11.0,4672,6,5419,11
233F219F-9A3D-47DD-A137-0F450F99EBDD,4665.0,15.0,3264,3,3750,11
5B8F602D-2500-44BD-B265-14E051B0A08B,5256.0,11.0,3876,5,4350,8
CF3986D0-7DAC-42F6-943D-208D65608E95,4927.0,19.0,5048,18,5582,20
D3B5F987-3434-46A6-80EB-7B4283E71A2E,4573.0,5.0,4388,1,4500,-1
4B70D837-39BC-49E7-B998-E52E866F6A5C,4573.0,31.0,4400,14,4750,19
7D7D40EB-262C-4845-A2CC-80022B6BD985,4311.0,-11.0,4116,-8,3950,-10
23EDFD90-5E0E-43C9-B199-381C61FAE4C6,4826.0,5.0,3572,5,3750,2
9C043B27-AEF8-4C1F-9099-4C0C6C98F7F1,4805.0,20.0,4144,10,4558,14
D906DE6B-406F-4678-BE0B-B59D410058BC,5568.0,0.0,5020,0,6100,6
3E2F097A-7977-4F52-AC93-88DE1F0B37CD,6326.0,5.0,5620,2,5519,7
55CF0983-3DC1-4959-AFF2-701126CEC3FB,4677.0,18.0,5036,17,5600,19
CD7288E3-0A15-40BA-B9D4-AC9F23C618E9,4888.0,-6.0,3938,-24,4669,-14
BD4E38B0-4FB3-48A0-B55B-0011302561E0,5475.0,-2.0,4644,6,5382,9
9C264E20-03F4-4433-AD51-9D3736BEB540,5416.0,16.0,5404,18,5650,13
36D992BA-FEF5-4FD9-A028-35C1A2DEFA80,4393.0,-12.0,2972,0,4250,-5
6BA96006-078C-4B8D-AAE5-81790612C616,6317.0,4.0,3874,1,4200,5
358DD523-587E-4E6D-8C09-5839FE8E7B96,7309.0,13.0,7324,14,7945,10
6EC375F3-D474-4EA2-B380-24FCE0650AFC,4775.0,12.0,5184,8,5900,14
D049453C-2ACA-4B53-BF00-0682F40C9AC9,5256.0,11.0,5288,-2,5650,0
AF26E96E-33AD-4547-8932-6C91CFBD5E3C,6767.0,22.0,6136,14,5984,17
3214B7CA-B349-44D9-BCA2-9790703E6A6E,6415.0,12.0,5668,8,5650,4
CC5EDB3A-088F-4497-958B-77A4199CC672,5690.0,6.0,5272,8,5820,4
99C5DCAE-9574-4577-B1C5-464BD01E8E9B,4913.0,-2.0,4608,-20,5100,-5
8866645A-7620-4B84-86C0-3C0F5ECC9885,4955.0,1.0,4224,-2,4450,-1
B282B498-2AE4-4470-9559-46DBA27E7CE1,5085.0,16.0,4444,11,4900,17
B10244F2-86CF-4242-95FB-58689B218B2A,5300.0,11.0,5280,12,5582,9
D56AB9F6-E9C4-49D1-AF23-73E7D27B935B,6256.0,6.0,4056,3,4300,1
0ADFE6ED-EB72-4902-A3B2-B0D9B33887C0,7597.0,1.0,4576,11,4832,16
622258F1-B9A0-4EC6-8DB1-6FA8601A4541,6009.0,0.0,4400,2,4400,-2
767B517C-243B-4B97-A1B9-F466D872AFC1,5191.0,13.0,4936,1,4800,9
C5CF3E5C-F3A2-4A54-8390-A598AC768736,5496.0,6.0,4972,16,5200,15
3E8350E0-6974-40D8-BF33-4777EEC0D3C9,4867.0,12.0,4056,11,4350,14
173B983A-6E5B-4938-95D5-5E3AB53220C1,5687.0,5.0,5028,16,5150,12
AE1EB474-277D-4A62-88EB-7177950B7880,2690.0,13.0,2642,1,2450,4
81DCC0BC-1145-43C0-A0A3-E56723BED889,2641.0,16.0,1500,0,2500,-1
5C31C5D8-FF0A-459C-B111-E39431028768,4583.0,-8.0,4672,-22,5050,-7
6E89B81F-783B-4490-99AC-5575AAF9E787,4679.0,18.0,4344,12,4600,25
C1A877AA-ACDC-4FB0-A210-50046E68F8D7,5216.0,14.0,4764,14,4700,14
41C1A425-1E1D-416F-AEF4-3D9C31AF9D4D,5752.0,11.0,5904,21,5982,24
F2C7245D-BB15-45B5-9585-6C677F12AD49,7105.0,15.0,5848,17,5200,15
E1F5808E-AB4C-4F58-9580-C414F66A468B,7597.0,1.0,4808,14,4932,15
6BC4DE8F-F24B-407D-9AE3-20807E0EC3C6,4679.0,18.0,4860,16,4600,16
F40FF319-29C2-4AC8-908B-36336CECFE20,3932.0,-5.0,2742,-12,3500,-8
073DEC3C-CEBD-413C-84E9-9423E3B96163,5500.0,10.0,4132,4,5200,13
8B129C75-A00E-4D65-B656-DCE659E68444,4679.0,18.0,4800,23,4869,25
642B36E2-3E0E-464A-B493-A97C34318EBC,4256.0,-8.0,4460,8,4400,-2
704AEDF9-8A99-418B-BFDB-95130DC82EC6,4703.0,14.0,4408,19,4250,19
A6AC2475-372A-468D-B0FB-EC5D2AA2DDE5,5003.0,-6.0,4120,-13,4600,-7
4A811E84-2662-41C5-B100-F3191EE40922,4795.0,13.0,4104,-3,4800,2
9DFABEC6-CB33-46EA-A9FB-B6772CB055DC,5407.0,24.0,5396,13,5700,16
63C171FC-267B-46C8-B4E1-B50424EDEA56,4519.0,18.0,5072,14,4950,11
EDD3E86D-D4E8-42F8-97E5-E6532304F22E,5713.0,4.0,4580,0,5407,7
BAF5856F-7EFD-46FD-9F0C-4B08624E5D7B,6942.0,2.0,4074,6,5200,6
96791B9B-28A0-46BF-85AC-9C7E87419185,5114.0,6.0,4924,11,5573,10
89E3E0E7-19FE-4DA4-BAEC-DE0F416E8798,5283.0,14.0,5924,-1,5500,4
A4932192-71DD-41AC-ACCD-E6BD5D8241E7,4688.0,5.0,4284,4,4550,5
F64E1586-068A-42D2-8F55-3DDF57AF9451,6635.0,11.0,3714,-3,4400,1
9418FE31-0F7B-4769-B3ED-BEDD0B412C4C,4884.0,-3.0,4220,-20,4500,-11
909B9B55-F29A-454B-8076-C67C9292974F,2924.0,12.0,1593,-8,2000,-2
7508F2F5-ECFF-40F8-AE48-9AD5A649F083,5356.0,19.0,4120,7,5100,12
FEA2074C-7F39-41AC-B0DD-4BA433540A12,6256.0,6.0,5536,11,5300,12
D7183489-3E18-4EA9-90F2-D9170F4EAA31,5069.0,12.0,5096,13,5432,5
0D13F342-22D7-49E8-AC34-B20BD44FCD11,3561.0,9.0,3054,5,3200,5
43373DFC-891B-4CD5-AC37-8EE969993537,4510.0,-10.0,3514,-10,4300,-14
FADAD10F-348C-48FE-8F06-F29CE22EC780,6317.0,4.0,4572,10,4550,11
081A6BB9-365C-406A-B4E9-926A2084BCF2,5403.0,13.0,4688,7,5250,15
C6F2F564-F936-41C0-981A-14B1C9190AF5,5271.0,15.0,5196,5,5082,14
35AFD6D4-3728-4B28-86C8-D6B9F8D2397C,5504.0,6.0,7792,2,6223,1
BA939B30-1A27-4B50-8157-DB47F0694D44,5136.0,-11.0,4716,-7,5297,-14
DFAED7A0-32E0-4052-AA39-077956EE94D3,5526.0,8.0,5404,4,5400,10
904F6C4E-DD54-4A44-BD01-133D037AE8FD,5060.0,19.0,5044,-1,5995,6
886B8B13-E608-4DD7-813F-B026017912BA,5399.0,18.0,5600,19,5900,21
D760451B-303D-4B11-8181-9C20D74C74F8,5347.0,20.0,5624,20,5582,26
38A5EA0A-0614-42CE-A8F2-A625EC52BF31,6108.0,23.0,7956,27,7650,30
82E5E0E8-18E7-4DEC-BFB7-DD902AB3A516,4679.0,18.0,4628,15,4850,18
9A96D7EB-17E0-440B-9275-23BB7239DD24,5272.0,20.0,5280,11,5850,14
7D3D4296-C663-42FD-BCC2-255A340799E9,5107.0,10.0,4532,8,4990,11
150E1928-5D2D-4FF0-934B-41F23C4C7200,4682.0,16.0,4212,0,5032,11
C1ED5B35-F3D0-4463-8ADD-219258917A12,5074.0,13.0,5620,15,5797,19
D29F7AFA-1639-416F-A34A-ECB4BE8678B8,3420.0,7.0,2864,-5,3280,1
53B2DBE9-381E-4016-A400-0291CE50F6ED,6317.0,4.0,3516,7,4000,14
85029573-CC63-4898-884C-692A1A0022D0,5341.0,8.0,4720,4,5100,9
66D631F0-A859-46E6-8348-DB512107149F,5496.0,6.0,4848,6,4750,10
68067921-4057-44EB-842B-B8251CCBD0BB,6135.0,10.0,5376,12,6300,14
C82BD41E-C7EA-4A3C-B077-78CF2557E210,3931.0,-10.0,4340,2,3750,-15
7E97E182-7374-4764-8970-447A4C8C7F2E,3724.0,-12.0,3840,5,3650,0
16F5075A-6836-4D89-852F-5A7FF310C758,5808.0,19.0,5600,16,5682,20
69447278-0594-4703-A1D6-2E6B6891C93E,5415.0,18.0,5612,21,5950,21
C8477345-5836-4DBB-A670-AC15F7F73517,4541.0,13.0,4880,10,5536,9
3114239D-D9F0-433E-BC4E-4F2D330FCE9E,6256.0,6.0,4472,7,4500,10
2333C785-6145-418A-8B39-DA161C0C0AB4,3858.0,-16.0,2820,-15,4000,-14
3D4E8A8D-E354-4811-B13D-DEBB00C1A4AB,4541.0,13.0,5464,8,5682,14
9B0DE95E-F366-4AEE-BDB5-A83726C210AD,5980.0,4.0,5836,3,6400,-1
B257D69A-E7D0-487C-818A-31F28091925A,3490.0,12.0,2160,8,3150,9
D3B3D23D-B8F6-446D-B235-A4B81B3AAC59,4679.0,18.0,4104,22,4500,15
430F0B7B-DE2D-462E-83CA-EEEE1F637712,5183.0,5.0,4796,13,5000,14
D57F3784-9577-4B02-84F5-9B8BC584C129,4714.0,8.0,5224,8,5300,2
E23E8E8D-23C7-4BA1-A2EC-54AE683759BA,5070.0,7.0,4504,0,4982,2
DEE0A6EF-6B8E-4C95-B7EE-05059F502324,5732.0,2.0,4864,9,5332,8
158555A6-3126-478C-A528-D1B00A8FD032,6942.0,2.0,6196,23,5350,17
177AD477-8A01-404E-9045-EA8D2A87C2A1,7597.0,1.0,5420,4,5637,6
80B171BA-D02A-46E3-BEF4-FD27010FAC6C,6344.0,9.0,8448,17,7300,12
32EDD34E-9381-4ED9-95A7-B9B5CBB1777F,4975.0,18.0,4124,7,4550,14
9503FC47-27DE-42AE-A65D-0E28919C3626,5458.0,27.0,5208,15,5250,25
D1CB1606-B0F3-4FA5-9A01-2DAB17F535A9,4578.0,-1.0,4296,3,4000,-1
0913D4CA-245C-43FA-9D78-64BBD14E3C89,5752.0,11.0,5208,11,5150,12
B57D9D36-39C6-4F70-A3DD-26D8BE6C918D,6942.0,2.0,4960,17,5250,18
716B4BC3-63E1-46C9-B6C8-90D18323DDA5,6256.0,6.0,5648,12,5550,17
B1149946-D8CD-40F9-9902-3201CF71CF97,6067.0,6.0,5132,2,5920,0
EB534208-A4D4-4FBF-864A-22FEEE0270DB,4541.0,10.0,3950,4,4450,-2
DCCBE6F7-00B5-48A1-AFD1-868CA571C628,2717.0,9.0,4046,13,2450,4
BDDFA46B-0D63-4EB9-9AA9-223B82CB2164,5559.0,11.0,5052,17,5354,22
F05FFE9C-321A-4168-8D39-C72927F6E73D,5608.0,4.0,4764,4,5350,2
B440EE21-D88B-4D7C-8F63-5A68EB0494FF,4710.0,13.0,4464,-2,5000,1
E7CCE677-B7B8-457E-B2AD-1A77B2BDC69B,5312.0,-5.0,4216,0,4700,-1
00265916-1771-4B2C-A2B7-14BC0041940C,5337.0,22.0,5684,21,6100,16
E57836B4-17F7-4884-B844-9299F6910B24,5256.0,11.0,3598,0,4050,2
CCF5B0EF-1329-49A2-B186-BC40264877FA,5351.0,7.0,4492,7,5132,3
BB3FE29B-697B-4C5A-86B5-2873B5B06C1D,6517.0,22.0,5052,14,5250,15
AAA72E14-AEDE-4892-A9A6-FDF15014D8BE,5215.0,16.0,4288,-2,6350,20
7D489A5C-06EF-42B5-A59B-3C2BCB6AD89B,3891.0,14.0,2884,3,3550,13
5A28994F-4305-4BFD-9210-EAC81C0592FD,4827.0,-6.0,4352,1,4700,-7
2FEF84A9-2896-4D61-B11F-EAE2DC952B46,5166.0,7.0,5880,7,6335,14
96AABBEE-4E5A-43F0-B2BE-6EEAEBEF70B8,5161.0,21.0,5516,21,5900,21
E46A6C7B-8F58-4657-BAB3-2724C04E9B2B,6430.0,4.0,4980,1,6348,3
EA437D30-6DEE-468F-9144-835A7CF887AA,5496.0,6.0,4604,10,5000,20
B80A1F9C-6B4D-4751-AE8F-9050989928B5,4355.0,21.0,4664,15,4650,16
EB6EC42A-A011-4295-A195-726C0BC6487C,5620.0,17.0,6200,20,6232,18
59004089-1F08-49E7-8B40-1C85B31F8D4F,7597.0,1.0,4636,8,5000,18
1FCD51F0-F783-4905-A22E-C060B98DA48C,5287.0,11.0,4796,5,5050,14
B9DFA65E-22B8-4E0F-8CD2-F40666CC6216,5549.0,6.0,6996,1,7660,-4
B419998C-FCEF-4ABE-9D1A-F2FBB6F70A9B,4646.0,14.0,4868,11,4857,9
7A8F51A7-54F3-4986-99A1-EE00E20FB3EF,4613.0,3.0,5308,2,4600,-9
A443C3CD-5110-4E8B-907A-94598B6A6116,5975.0,11.0,3852,4,4250,11
37ADBDED-DA31-4780-9237-C7A114AF1F6D,5256.0,11.0,4084,8,3950,14
27B4FDFA-7453-4BCF-A496-218DA0257A79,3182.0,-5.0,3292,5,3050,0
652AA63D-D95A-4944-BEE5-D6DDCB0BE61F,4417.0,-15.0,3636,-14,4167,-12
6ACF5D16-5F10-4B5B-B6A4-B50AADBAFF13,7597.0,1.0,4692,13,4983,14
AE9E2334-ECA8-4505-8C70-C1622204894C,4781.0,6.0,4684,-3,4982,1
1F841D1E-2C3E-4A1A-A9A8-D19404D11AF5,6092.0,3.0,4112,1,4900,4
3102EE99-6975-4108-B54E-40D66C55BD80,5023.0,15.0,5732,16,5500,16
2B8E26B7-C169-4F27-8C65-88920F86B53F,5816.0,6.0,5844,6,6323,3
7B783F9F-F316-4963-80D5-3675A5F8F5AF,7206.0,18.0,6968,7,6872,8
57DBF0FC-73DE-4ADA-9B82-0754AF2E0181,4044.0,11.0,2768,1,3150,9
F98113EA-F1E0-4226-9083-610BE69353E4,5818.0,-6.0,5460,-4,5200,-3
32299D54-2C8E-4DF8-B0E8-35660C5CE224,5104.0,9.0,4804,17,4750,15
661D7A37-BD7B-4091-AE59-2DCD51B4E8AC,5090.0,12.0,5072,6,5132,10
8946650A-1E0D-4348-9EB5-AB2D14086B2D,4266.0,15.0,3616,15,4000,16
B7398C15-B719-47EC-AA8A-33D635B6505B,5256.0,11.0,5180,5,5620,8
07F6B94B-682C-4C54-9C40-6AEA028FA0BE,4691.0,8.0,3758,14,4350,17
2E098C81-D7AC-4A28-837B-9068036A9046,5814.0,7.0,8272,24,8600,22
735F09F8-9F9E-461A-A32D-72E7E62056AF,6238.0,10.0,4684,11,5050,11
9F5937AD-6527-404F-90EF-DA435A3FC9A7,6071.0,4.0,4916,7,5760,9
F241EAF1-B026-4CE2-95C1-0E725F979090,4271.0,10.0,3676,8,3887,3
7E0F8528-8357-411A-857F-AE658D007CC0,5003.0,9.0,4420,-6,4800,-5
F4B525BF-C806-429D-9671-8F7393892F5D,4679.0,18.0,4556,15,4800,28
07D80CE3-C327-46A3-B87C-53BE3AE88021,6183.0,18.0,5404,6,5950,12
559478A4-CDF1-4FF0-AE9C-DF8F232E8AD0,4257.0,7.0,3282,-1,4250,4
4D7E6E72-89EC-4556-A1A8-8099D12B4B96,5256.0,11.0,4836,4,4950,10
EFC05B6D-4E2A-4E79-8556-3389C1AA7DFC,6452.0,2.0,6060,5,6332,6
2000EEF5-5B8E-455D-A296-BDD4A9ABBC92,7597.0,1.0,4848,-2,5350,5
5C523E0C-D801-4968-AEA3-06E97CAAA220,4649.0,6.0,4624,1,4470,-2
DA29A57C-F84C-4AC1-ABC8-DA770BB8439E,5248.0,11.0,4716,9,5595,10
341AAC77-59A0-4662-A731-19C3CAEE818B,5194.0,9.0,4896,6,5250,5
EF8B7293-A65D-4F2C-9781-A2E471B20ACF,5990.0,6.0,5268,6,5300,14
089B644D-64E1-473A-AFCF-D4AA077115D6,5106.0,7.0,4752,3,5100,5
3937AB4D-DAC3-427D-AD5D-F0CF2BCBFC44,6317.0,4.0,3848,5,4050,8
A5312E4D-A620-45EC-9EC6-5322DA61EEBE,5637.0,4.0,4616,11,4800,11
71D610D4-70BB-4182-AEC3-45A6465C4D3B,5787.0,6.0,6068,-5,5623,4
C17E7AC1-DC63-4E04-BBB4-70F32D16D915,6178.0,7.0,6320,17,6404,6
4280C25F-2310-4D1C-BEFA-594E42D22D94,5713.0,4.0,4520,0,5100,5
13A40DF8-CDED-42A7-B617-B01542F24480,9379.0,11.0,5592,11,8050,19
1AFB6924-C28C-4762-A88B-DF886E5D8BCC,5681.0,12.0,5668,12,5350,11
0CCAF643-BEA0-47DC-B80F-27FF95BDE627,6131.0,21.0,5048,17,5550,25
1DFC82D1-1A23-4DF9-8901-AEC07D004836,5347.0,20.0,5780,23,5632,26
C097654A-0868-4914-87E4-D269DD27B02A,5379.0,11.0,5692,6,5908,14
B41BAD51-BE84-492C-8864-A86325A914AF,3850.0,16.0,2832,4,3350,7
B5A50923-5261-4814-888F-79CDE8DC496E,3284.0,-12.0,2846,-13,3500,-20
59C72097-3458-45EE-998E-3E16D7B46DC1,5684.0,13.0,4616,7,5050,16
A1C0E4A8-13D5-4957-982B-73211238773D,5370.0,12.0,5048,9,5200,8
F7546E82-D333-4CD5-817E-D7997DEA6C01,6084.0,23.0,6024,10,5950,18
921827ED-F3C0-4A61-96D6-6E5C8C9A9C42,5551.0,27.0,5508,5,5950,12
B0FEEAAA-1653-43BA-820F-46E2DC96A400,5862.0,30.0,4388,17,4150,15
86586C1B-9130-4F01-906B-E1626AB767CA,6713.0,22.0,7940,9,6800,10
79F318BA-FBA9-4C53-8709-7D56A5E5A564,2737.0,11.0,1740,-9,2300,0
1893D4A3-BC1F-4795-A091-FFFA3D99C305,6150.0,19.0,6968,8,7095,11
4B06996B-03AD-4318-95D9-2C2E99F8131C,4831.0,14.0,5308,15,5408,15
563C1785-45A8-46CD-9680-5CF16B044CAB,6256.0,6.0,5296,18,5169,19
DB277FDD-40DA-4585-9E91-47657A3DE7CF,4956.0,-6.0,3662,-25,4350,-10
C87CB797-C842-4A63-9CD5-E33A8D999787,4705.0,21.0,5064,15,5600,19
9A05A3A5-00AF-4D18-B012-EF9521AB6D75,4595.0,18.0,5724,13,5350,11
B6943D71-80CB-4A91-94DA-F3AE744546EE,4629.0,12.0,4808,6,4737,27
927BA881-AFCD-4F1B-AF61-C6DB925DE202,7105.0,15.0,6540,12,6650,21
385A3018-EDE9-4DE8-9F17-5FFEA2DB6DA9,4641.0,7.0,3068,4,3800,-1
1ED191C6-9DF2-4BAF-B06A-ADF5F6DC4D11,4464.0,-7.0,4408,3,4100,-6
EE02A6FF-697B-4591-857B-696E04540789,5448.0,11.0,5456,11,5050,14
7013E4AF-F6D2-4D99-8BBF-F9B09E3577D9,5713.0,4.0,3762,9,4300,9
C8F80937-A411-4EBA-9E27-4898C0FFD26E,5713.0,4.0,4632,4,5050,8
D11ADE2C-BEAE-495C-BFE6-7A2CB7298658,6058.0,28.0,3746,-2,4100,9
3AEDA6EC-3971-4223-B86D-6B6F95D08630,4679.0,18.0,4392,20,4932,22
E25F0D2F-6D3F-4F23-9358-E28F278BD810,4783.0,8.0,5080,-3,4750,-1
7C5AFD96-0CC8-4CBF-8324-22D73D277C8E,7597.0,1.0,5156,15,5269,10
BBD9C1C9-3D43-49B2-9640-C2D7DF5B5482,5256.0,11.0,4612,12,4200,13
3D061B7E-A2DF-4929-A103-CE79BA32DD03,5513.0,13.0,4508,17,5250,16
6BB2383F-E82C-4717-AE1D-90299B00C142,5306.0,-3.0,4296,-9,4750,-2
860AE106-9966-454B-8216-722261633C4E,6317.0,4.0,3750,-1,4250,4
A76FD2FC-FFCF-4DE2-9629-F9479DE3BF51,5486.0,15.0,4312,1,4600,7
81E81FC0-73B4-45FB-BC33-AD1764318A12,4879.0,-3.0,4704,-1,5020,2
0302E5B2-8094-4C61-8AC5-2A1704FEBE73,6942.0,2.0,2876,6,3200,0
7F79DB04-2E11-484D-B65F-FBC96426EF2C,4679.0,18.0,4008,20,4900,22
6BECB665-8149-41ED-A9EF-65EEB2E89A3D,5104.0,-5.0,4016,-8,4650,-10
5E7DDDF6-2C2E-4783-BCBB-8D0437A70311,5984.0,22.0,4404,19,4100,14
8ED17791-317A-45D4-A8DA-2FAAAA8061C9,3696.0,6.0,2766,-5,2850,4
97A4C7F8-44C4-441E-B48C-015AFB85CBE8,4020.0,10.0,2986,8,3202,5
15C1510C-1333-4723-ACCF-AE55DF64ABAA,4950.0,11.0,6040,22,6324,22
0B7FB6A4-6F64-4262-89E0-C521AE4207CE,6317.0,4.0,2900,2,3700,-2
5CB9389F-1E90-41D2-8F78-E7196526B92B,4679.0,18.0,4256,13,4700,16
60CD601C-D098-4906-8BC0-CFD45C4B3754,5144.0,14.0,4984,11,5250,16
A9DD828A-52C3-40EA-9F7D-45559454034A,5256.0,11.0,7412,9,6700,2
DEA1B416-644F-400C-ADDF-EC9A77E1125F,5462.0,19.0,4852,19,5582,26
4D64BB3E-12D3-427C-A725-795F8556331C,5256.0,11.0,4240,3,5050,13
0095796C-BE81-4DC8-BC03-B9FB5A1FCEA7,5471.0,11.0,4696,6,4850,-3
4E815506-D7A6-493F-9C4C-E3449014BB66,5872.0,5.0,4880,-1,5000,4
8F91C2A8-C6B6-422F-9FC9-7FDE5953DCFB,5875.0,7.0,5796,1,5519,7
A5DFD7D5-6344-4931-AD39-430C5D89E449,6599.0,22.0,5844,-4,5850,3
01D03C04-E7EB-451E-A923-3A4560608BC7,6454.0,6.0,5756,9,6450,1
35FA1E59-D374-48A0-AD37-A13BDEC6A5F5,3354.0,11.0,1965,-10,2650,2
33282A8B-B6D1-43A8-A62B-4AA6EB8F8CC1,4679.0,18.0,4014,7,4500,20
62BD0DDE-6BC8-47E0-99E5-7D2898090664,4956.0,-6.0,3526,-16,4350,-5
3F388503-049B-48AF-B7C6-EC12AB7221E2,6369.0,17.0,10000,27,9678,24
666BDA1C-4ABD-4388-9A49-2F6CB5362E8B,5990.0,6.0,5264,15,5150,16
81AD7FCB-17B0-478F-9EC0-4BF60971159E,7470.0,24.0,10000,1,7935,10
01D78607-081C-4549-A345-0AC8A6685662,7597.0,1.0,4752,11,4583,6
92676D16-C13E-4ACF-978C-A80A3BB65651,3481.0,4.0,2310,-5,2350,-5
F9BA74E7-2B5B-4EDC-A808-1C4AF8CA5129,6317.0,4.0,4772,5,4900,7
C207D1AE-0174-4A09-8B83-ABA7D86CD7E9,5980.0,4.0,5064,2,4950,6
DC9867DA-40EA-44BA-81F5-ED19D759DF80,5496.0,6.0,3992,-13,4400,-10
AC00F72A-52F2-4D5F-A222-8F145B0F8907,5991.0,19.0,5040,3,4550,4
BF35F91C-B8BA-4DB1-B4B6-FB676923A167,5556.0,16.0,5360,9,5850,3
9164AC98-DCAF-4B51-B675-37FA496DD86B,6942.0,2.0,3660,5,3650,0
2886FEA1-35A8-4189-B54A-10712FBA00BD,3716.0,-12.0,3398,1,3600,-3
2EABF9EF-4934-4F59-9844-1C2FEB732340,5496.0,6.0,4924,9,5400,25
B1E3A354-2461-4C8E-AE6E-49DBA8599592,4647.0,12.0,4436,1,4300,3
78ADEDCC-053D-4D51-A556-41E4B87112BE,3427.0,11.0,2442,11,3200,12
0939AFBF-1581-438A-896F-E0531DCF95B7,4884.0,-3.0,4520,-9,5000,-5
BFEAC206-9943-4A81-8410-1B59DC725B2D,5510.0,2.0,4006,3,4250,5
E9A70454-4AA0-4A60-AE23-D6E8E0C16CDF,6143.0,23.0,5960,14,6100,17
FFE6AE56-FFE2-46A3-8B59-317E95A16A3C,5349.0,12.0,4496,6,4650,1
F43676C9-77F4-42A0-81B8-B0D11AEC6014,4828.0,22.0,4220,5,4100,9
D8B1B97C-D649-4A75-9E5F-7B09778385E2,3699.0,-7.0,2750,-11,2864,-8
F4B5F9A3-BB54-48F3-86B9-8B4F6D11CABD,4039.0,11.0,3308,0,3500,7
8FA8E98B-BF68-4621-81AD-CC10DE6B8E93,5429.0,8.0,7772,22,7358,23
83893C1A-878D-4E2B-BA2D-7CFBC94EA86A,5298.0,8.0,4784,10,5000,9
38A56F78-63FF-4ED0-8839-FB429C47537C,5126.0,2.0,3924,-10,4550,-5
61D84522-2A60-482E-A997-78760379066D,6317.0,4.0,4964,-2,5300,7
71A7DF29-76D5-49FE-A736-8789EC3BDC0C,5140.0,12.0,5244,20,5774,20
4FC7B294-4456-499B-8B2D-50DD58B0A43B,6512.0,3.0,5424,5,5869,4
CC31B865-DC7B-4699-8070-DF7EB9950C43,6317.0,4.0,4908,-3,4850,3
599BC5B4-CE42-4FBC-9AE4-3EF8C38B0658,5085.0,14.0,4748,17,4858,16
7BA3FCBC-6BE8-4C6C-B80C-9C7309185401,5125.0,12.0,5028,4,5600,11
4946AEB4-6D7F-4988-AE9A-4B0E14FA4231,6963.0,-6.0,5624,-3,49200,-90
C7054220-109D-416F-AB1B-F6BAFA942457,5140.0,20.0,5568,18,5600,20
EF62682C-F413-490A-A829-DD01F5CF3589,5617.0,13.0,6000,8,6200,10
E3700336-E052-4B52-ACB4-284867C829AF,4679.0,18.0,4456,13,4800,25
18D7913F-8B70-4D65-B1D4-2A30F4B2FEF8,5060.0,6.0,8688,13,9576,16
B8952028-F5BE-419C-AB5A-602A5EC8B03F,5833.0,4.0,7436,2,7100,5
484AA3D7-B01D-4104-B645-ECFB020FC2FE,5789.0,7.0,6064,-4,6082,6
15D56D2A-9F60-4813-AE5D-444B719E63FB,5256.0,11.0,4460,-10,5050,-8
EF97B5D0-2FA0-4762-B5C2-14EC800E2056,5343.0,7.0,5196,1,5300,3
3E9902CA-CC8B-4B0C-926B-39CF68D0FF1C,3578.0,7.0,1500,-9,2450,-7
8A39ACFB-831D-461A-911F-3A5BD1AA6274,2673.0,6.0,2400,6,2600,1
C4B1C4F0-CE44-42E6-AE2D-E9460286FA24,5392.0,8.0,6036,-5,6197,-6
8C453A9B-0D67-4D90-9C91-F46D381CC316,5554.0,8.0,8976,11,8061,14
925F3901-8111-4CF8-B890-E2C3D17371D5,5345.0,6.0,5132,11,5670,8
40A0CA7E-2B3F-4A4A-89BD-A1AA328ADC65,3164.0,6.0,3216,14,2850,9
513114F7-79B9-4534-A369-D0776B4FD9B6,5496.0,6.0,4980,12,5100,10
E12F4C9D-B6C5-4189-A6DD-2B37CD26ACE5,6767.0,13.0,5316,10,5400,5
D1AAFA10-64C6-458C-952E-2F150B9B77E4,5258.0,11.0,5640,11,5682,17
2FF825F9-56A2-4D79-B4B3-D3F8A7F6D09D,4475.0,2.0,4500,-2,4833,1
826053BD-14E6-4FAC-8F18-5858EE2E8A50,5040.0,11.0,5068,-6,5232,3
D83D4195-7063-4F89-B333-9FD25E98387F,5256.0,11.0,5140,9,5169,10
110A2E26-80B8-49BA-BDAC-E25BFD797B7E,5371.0,8.0,6192,11,6890,22
EA987D06-76A8-4BAC-B202-80DFE0BAE10C,5713.0,4.0,4224,-15,5095,-16
363BB628-8890-4C7E-BF74-D5A4F5A3A2F8,5719.0,22.0,3896,15,4000,14
3EF0C473-8CEC-4040-8ECD-CBCD58132EE3,5117.0,7.0,4860,2,5132,4
3A9F7529-CE28-4101-B383-0EDCE10FC685,6942.0,2.0,3492,3,3300,8
7FA17080-A8D0-48C9-A6F2-BC20B53FDF02,5416.0,8.0,4552,10,4800,15
CEBC2684-2C7A-44AD-A761-5B361CD23403,3576.0,5.0,3406,-8,2550,-4
4BF8F3F3-43ED-4AC0-96B9-B0E4FAC91EE8,5371.0,10.0,5392,12,4700,10
D669F0E1-6CD8-4E2B-82E1-D35E3FF83602,5791.0,-7.0,4184,15,4600,10
A431B149-4F3D-490E-91A5-82D647AC7628,5713.0,4.0,4708,11,4900,8
5906D88F-B450-42B0-9750-A0355F4CD124,4795.0,13.0,4800,3,5100,3
A0F55520-209D-46BD-BE1C-966F123BCD16,4318.0,5.0,4224,-5,4550,2
D5C28E00-EBD6-4533-8370-ADF850D4E25F,4679.0,18.0,3776,7,4700,19
EEEF743D-8A32-46BA-BA27-F9D15D5B095F,4795.0,13.0,4964,-7,5050,4
F51D2942-3E71-4162-B35C-9DE0EF938D90,5354.0,-3.0,3718,-29,4700,-15
F5DE12F5-A4D1-43A7-B2D5-7F4745516544,6098.0,23.0,6320,12,5984,17
28DB3F55-2FB2-4265-AA5C-622315733E92,5529.0,13.0,4844,15,5407,13
D6EAA96B-61B3-4481-87F6-596CFD109B1A,5442.0,2.0,3774,11,4150,3
38BF46C5-2419-48E8-AC63-5F35F8F4894B,4761.0,19.0,4476,4,4700,11
A13D1AE0-4725-4C34-BFAF-60D540305A78,5538.0,14.0,6092,19,5950,17
9807BD0C-C657-4968-8ACD-AC9ABA811CDB,3959.0,-10.0,3124,-13,3350,-8
27C0418D-5E68-41D6-B8EE-AEE55732716B,6108.0,23.0,5540,6,5350,9
B7771105-0822-4BDF-A76C-601A1438B7FA,5496.0,6.0,4916,-12,4850,2
4CA8EE07-6549-4715-8F43-B2189D3581B0,4516.0,18.0,2730,6,3800,14
BF10DDA0-829D-48C2-8044-2D3B7A104CD1,6441.0,22.0,5492,17,6161,21
AC86EA6D-9125-42A0-96B8-3CD9B966D3E9,5496.0,6.0,4732,10,5300,10
116FB8AA-5672-4CBC-B9A6-6B6105F1C997,5776.0,4.0,4924,3,5350,10
DD479979-DC94-4DFF-B24A-8150BD033EE2,3304.0,25.0,4082,5,2750,10
15EAF6A9-3FC5-4E1E-A4F0-D1A3903A267A,6942.0,2.0,4376,-6,4500,-3
0B628C1A-FE5D-498C-876F-58653AE685AC,5838.0,4.0,6524,-6,6822,-5
C938310B-C31C-45E6-AE36-DEFDEDA57BC8,5379.0,11.0,4240,5,5400,26
DA2AE087-42E0-4E7A-9122-1491134D0701,5166.0,7.0,6752,10,7023,9
02273544-C856-47E1-9A32-F338316B9603,5496.0,6.0,4816,10,5000,25
6A73980A-80F5-4150-81F2-877E8AD439CF,6317.0,4.0,4384,0,4700,10
F9A64357-50D1-458E-AD57-0823DAE8D585,5496.0,6.0,4792,-6,4719,1
C6D1FAC8-BD27-4E4B-AC4D-029A7B2ECDA4,5494.0,3.0,3898,3,5870,14
DFAFC5AC-DE2F-4A51-A62F-238C906818E6,3801.0,-10.0,3574,-8,3600,-5
A62E5C01-3CF0-4697-8E1A-B42DD4C2530A,4264.0,17.0,4152,1,4350,13
FDCD686E-C451-49BA-A21E-1D76AED827D2,5994.0,10.0,6456,7,6000,11
EFFE7DDC-DEA8-4285-B95E-5637428FDC9C,4245.0,14.0,3868,9,3850,18
9A00F6AB-30D2-4C60-8196-A96E79EF0A1C,4541.0,13.0,4708,7,5000,3
A91CFFF2-7330-4672-8A1B-802D8C825F6E,5713.0,4.0,5060,3,5000,7
96B7A84E-C0FB-46B3-8E9E-4EEBE2B5BAC1,3164.0,6.0,3508,11,2450,4
6BFF80A7-B340-48C6-8BBB-298ED5598BAB,4976.0,0.0,4840,-3,5143,-2
C068E6CB-9E2C-4D60-A307-6CF1ED863572,4936.0,10.0,4680,6,4950,2
C41C7E09-44BC-467F-8934-E134147AA18A,5314.0,8.0,4352,2,5000,11
AB911724-7D43-4F49-AC65-212B0384B479,6004.0,6.0,4024,-1,4850,9
AF6292AC-63C0-4E13-B4F6-0467059495AC,5256.0,11.0,5192,5,5407,-1
A1C76755-890F-42DD-A8F8-4ED63FA78068,5420.0,11.0,5368,6,5300,11
4B2E4046-72D2-40A1-9F8D-4D3FCD339D36,7597.0,1.0,3880,7,3800,13
77F6DE9A-D862-4500-9828-ED6A0C5E3A48,4145.0,2.0,3550,-7,4300,4
2180BBD0-4947-4B51-92BD-D4DEACF96A88,5496.0,6.0,4416,13,4600,15
9D4A9B57-FC6D-4A96-9214-E8E2F1BFCE3D,5980.0,4.0,4404,4,4950,6
9F3C8B78-D2CD-4CE8-99CC-7BE75F81B1D5,4803.0,14.0,5448,16,5100,15
67F2427B-42F1-45D5-B04F-E7679DA73526,4679.0,18.0,4440,16,4850,20
ECB59F59-6364-4F13-8408-AD199346DB83,4679.0,18.0,4496,18,4500,14
8354BCCF-5189-4C3B-A6F9-8B5C54CD0E35,5093.0,1.0,5052,4,5232,9
D258F9B6-21D3-47AA-A2D3-460567BF8AF0,4015.0,-7.0,2980,-15,3600,-5
E8BBF7EE-7226-43EC-922F-F68FE4A4BB3B,4881.0,1.0,3528,5,3750,9
09004859-E67A-4074-B87C-F06300412555,4757.0,6.0,3672,4,4150,-3
01B4DEB2-BA49-45EB-B557-740F1AD99BDF,5379.0,11.0,4804,5,5658,14
0B6B73F6-5D76-455A-B8D6-F88DF2700C87,6317.0,4.0,4632,9,4900,7
F6757F44-62FC-423E-8BDF-9F217ECEC768,4908.0,12.0,4264,5,3850,14
7142F8F5-FD85-4817-874B-F832409E4800,5080.0,10.0,6928,13,6272,26
F24ACFE5-5AAE-4B58-A044-364F35C68787,5379.0,11.0,4364,-3,5100,-2
5196D14C-399A-469F-A887-2B76A08DFDE6,5980.0,4.0,3774,-2,3800,2
D04C83A0-3186-45BE-9380-6CFF33084B98,4715.0,0.0,5208,-5,5133,-2
214DEB3A-6390-49C1-962C-4BBCA5047C06,5803.0,8.0,6452,11,6282,15
91F370E3-A965-4A57-8F86-4B6C3D777779,7068.0,8.0,8728,18,7100,9
A34ABE80-8739-4A72-99EA-D71062C2C5D9,5577.0,6.0,5192,13,5308,9
59D92C5E-804A-4BDF-8A23-C177778F2A7F,5256.0,11.0,5396,9,5150,4
5A275076-0AB9-4312-9710-0131D8C1448E,6071.0,4.0,4428,-6,5747,6
A71491D8-BE20-41DE-962C-BBDE5EF8856E,3641.0,8.0,4792,-2,3600,3
26FC571B-E7C4-447D-9355-9F5A838AA057,6112.0,10.0,5536,8,5995,11
230593DA-8E6B-421B-837F-3A94DE939E50,3146.0,10.0,3296,-2,2700,0
B2617481-24FE-4842-B256-A0B8984DED9D,5577.0,6.0,4940,9,5468,10
1E5E3424-B372-408F-BC3B-1993FA2DA737,5202.0,7.0,5728,13,6017,12
FE059705-1EF8-4AF7-B15E-B11D4B96219F,5990.0,6.0,4488,9,4800,5
27E42EA8-07EC-4092-A0CB-A5799301E43D,7597.0,1.0,4160,7,4306,6
082F186F-6039-4791-834E-BC3071229965,5699.0,6.0,4964,8,5446,14
B4FA35A7-6CF9-4425-9BEB-29748A4D323C,5126.0,2.0,4136,-8,4532,-5
978DAB32-529B-4823-A219-44FCC9E22429,4699.0,14.0,3972,9,4500,16
6B381472-4756-484E-AA69-6E69E0196391,5471.0,13.0,4228,-1,5000,10
2EEE70D8-9190-427D-8B54-1F4194A1EE48,5695.0,-10.0,4408,2,4700,-1
3540645D-E787-444B-A59D-0904883DB8BD,5315.0,18.0,5048,4,5550,12
178A5667-CE6F-4F07-8941-A04298698997,4556.0,46.0,3608,33,3850,30
9AE96FA1-F69A-4338-B07D-33723D2E3CEA,5942.0,18.0,6304,10,6500,13
311AB2B6-C9FE-455E-A380-028F67471031,5275.0,-1.0,4396,-5,4800,-10
9F1733DF-8E29-4655-A183-A3DF0743755A,3854.0,6.0,2916,-2,3400,1
2266CA27-CB03-4380-8C68-D4514BEDBB7C,5006.0,14.0,4012,-11,4500,-5
63E37CAC-592C-4164-9903-4828BA3940FE,6705.0,22.0,5204,13,5559,15
0F12860F-5580-40BC-B235-89F0C60112AA,6317.0,4.0,4296,5,4300,14
BE052CE8-D284-42AB-A0CA-C0249F9016E5,4016.0,10.0,3522,9,3202,6
38BD2AB2-FC5D-4EEA-8191-653BC6DDDF2B,5635.0,36.0,4992,16,4800,24
60371C6F-8945-4871-A8CA-578BEFD3801A,5807.0,15.0,6432,-1,6595,5
8CC0BFCD-2457-4051-B06F-A01619141E56,5256.0,11.0,4082,8,3950,12
D26EEBF7-068A-4B2F-9CC8-252B38156AF7,4956.0,-6.0,4078,-17,4350,-10
887D4065-F995-4CA6-840C-186274BD978A,5573.0,11.0,4828,5,5050,14
C7EB2A2C-143D-47D3-85CD-926B0C297394,6367.0,23.0,5380,4,5557,15
1C4ED1ED-1620-4053-8CF2-A9CFB922F827,4866.0,3.0,4808,6,4650,2
E6947DBF-9CF7-4EC5-BB48-3DF99FED4E29,5645.0,8.0,4308,2,4450,14
B353DAD1-AA6B-4996-8817-8E8C964983DB,4929.0,5.0,5036,9,4700,0
A766E812-1F74-4871-9485-336DF44AD9C1,4993.0,23.0,4312,15,4550,20
4FC698EB-7F2B-4DF2-B801-A72FDDF893AC,4369.0,18.0,3344,3,3950,1
E0CE057F-E08E-4861-A79A-7C619EDC7D8D,4664.0,6.0,5840,2,5932,-1
6DA6A031-E9A7-4CA6-ACEB-8CF85BADE180,5379.0,11.0,4624,-7,5158,3
95DA049A-A649-4804-9A4F-7F83E7AA91A6,5047.0,10.0,4416,-4,5050,-3
58CFC65C-EBB4-4C31-9671-473F7304D0EF,5747.0,6.0,5976,-1,5619,7
2F827D41-C5FA-4319-B701-07852A41FC81,4026.0,26.0,3376,6,3750,13
82D41530-927B-4807-A3A8-D60ADDD93CEB,6256.0,6.0,4648,10,4800,2
E3D1A21E-C79F-4FE7-A596-04105E67A0F4,4002.0,0.0,5468,11,4100,-10
441959C0-B745-4502-B105-B32284EE71CE,3653.0,3.0,1927,-2,2800,2
EF8416EB-1849-4BA1-A88A-40F5CB849D6D,7597.0,1.0,5156,15,5350,21
2BEB02B8-117C-4E60-AFA0-597E8A082985,4907.0,10.0,4288,5,5050,14
53E9430A-D435-4997-8152-655DA5EA3A54,4923.0,2.0,5744,4,5811,5
6398A5AA-B525-44A7-BC90-781716C2E6B4,4795.0,13.0,4160,22,4100,14
47B13DF9-6D85-4308-B724-DF546BF9887B,5399.0,6.0,5140,7,5300,6
9A74F790-C3FA-47D7-8CAC-E61671F9EEC7,5985.0,2.0,5180,10,5400,12
5B41A86A-50FA-4E91-9E58-6CC9D5499B96,5352.0,17.0,5680,19,5850,23
A82EA09C-2582-47B9-B543-BFB606E2D1BB,6799.0,8.0,4372,9,5590,19
F1AFCA42-912C-415E-A052-B43F906488A6,6090.0,6.0,7440,11,7123,3
31E253B2-E35F-4631-94F0-8BE11FD23F1B,5193.0,18.0,5360,0,5782,5
9C23771D-8429-412E-A1A4-79E1DC9656DA,5793.0,-1.0,4504,2,5200,0
CE6BEFEE-57B3-4509-825B-6A06C5D8AAA8,5766.0,10.0,6908,24,6632,18
5D874E22-078C-46C8-9BC3-6218036FACFF,6139.0,10.0,4892,10,5250,2
DC2499D1-7FEA-46D7-B8E3-E40CAE332B76,5248.0,11.0,4740,-10,5050,-8
9A470ABD-2D96-4FCA-AFBA-0B61E94729BE,5409.0,8.0,6476,9,6082,13
815A853D-0FE1-4C7E-925C-00E139FD6570,3970.0,13.0,2480,8,3400,14
354F05E7-3A7F-4EF2-9891-113DC475D68D,4593.0,5.0,4034,10,4350,13
5C85D1CB-2C83-4C0D-B68F-B9E21453A905,5713.0,4.0,5084,2,5144,1
0924C3C1-4C9B-4E93-86B3-B064747DDF9C,3321.0,-20.0,2442,-11,3250,-17
EFE1E19B-F95A-4F7A-A55F-78FDFE4D0424,4805.0,2.0,4924,-7,5282,-1
911A3143-CF45-415F-8618-4232B977D224,5496.0,6.0,4200,6,4400,16
30966B63-1517-4F7C-9D13-9586A76C4604,6317.0,4.0,3720,2,3700,-3
CCC42328-3BAB-417B-8C42-2E6F16512BCB,4956.0,-6.0,3804,-31,4300,-10
D99B8066-92DA-4F9B-8047-6F8805F19F37,5517.0,1.0,4852,5,5400,4
65821273-8A1C-4652-9FFB-8F730CC4E6C7,5534.0,19.0,6040,19,6200,22
565FFC0E-1DB9-4666-9DDB-584FF69E476E,5713.0,4.0,4704,1,5395,0
324F3236-5D0A-4145-9741-0B6A166C71F7,4679.0,18.0,4960,12,4800,15
05A6F730-CE2A-4578-996F-CBAC10A56E91,3038.0,7.0,2524,0,2750,3
0266D4A8-A438-4A4E-B8F9-F31325FB71A4,5248.0,11.0,4512,7,4650,3
A8E27C67-DA35-49AA-8978-3B9E9B887F58,5789.0,7.0,5108,12,5382,12
E83F5B5B-D0CC-42FB-97E9-80DC1DCCEC32,4644.0,15.0,4472,8,5050,17
C559CA05-A23D-478F-B709-17BACE94481B,5379.0,10.0,4772,4,5250,9
D5FD6F3D-BB9A-4A2F-A6AA-7B83D20B79DA,5980.0,4.0,4924,10,5000,8
543A67F6-2F9E-404B-A65D-1D77D49623D6,4670.0,-1.0,3796,3,3900,3
B8DC26BF-DD8A-4E65-A4B2-8D916B53E01C,4679.0,18.0,5060,17,5000,25
2915C404-8FCA-4044-997E-5F72330DF8D5,5191.0,29.0,4624,17,4700,22
0A1AB1D0-894F-4A13-892B-6C4A4B221C78,4966.0,1.0,3958,5,4100,9
BDB471A3-62D6-434C-BBB1-0D956155BB86,6082.0,23.0,4496,13,5270,23
D72AD4AB-F388-4719-B2F9-ADF85AD09A19,4659.0,9.0,4408,7,4719,5
E3538EF5-B8B1-4BB3-A112-035F1B1944FF,5609.0,4.0,6300,-8,6035,-9
E3188C7E-EA33-4416-BE35-210FE3C3AED6,4679.0,18.0,4264,17,5000,23
8DDFA494-6739-428B-B2A8-A257F640E4C3,4730.0,5.0,5216,13,5300,17
42835AB4-EDEF-4162-BE5B-8F05855E50BE,5256.0,11.0,4564,8,4900,11
F6B345DB-F54E-45A2-967F-A9CB29235FAF,5678.0,13.0,5136,5,5250,10
E91CAB03-2F8C-4D91-9A8D-4A54851E1177,5713.0,4.0,4816,0,5182,5
4D4E8B9D-4B04-4205-885D-1AE7A2AF8DDF,4604.0,7.0,4804,-1,4820,4
87772F87-5190-4858-9843-1F64810DD84D,4413.0,0.0,3940,12,4500,10
84F690A2-D602-4555-AFEE-77D4F1201260,4956.0,-6.0,4034,0,4550,0
B5339159-E679-4DDB-AB86-4C1F95C2514A,4067.0,4.0,4764,1,3850,5
38A12DA1-10A3-49D5-AF70-61BC225A2AB0,5179.0,22.0,5616,18,5582,24
63E43DDD-5EBA-4744-8A17-5DDD46019970,5604.0,6.0,5192,12,5519,7
3CD28613-237D-4E58-A667-33FB2E115D10,6317.0,4.0,3868,-2,4200,5
F59F143F-C506-4172-AE15-08DE0EB94D9F,3727.0,-13.0,4964,1,3600,-9
ADCA3485-D718-457E-AC69-FF5BA1FF953A,4390.0,14.0,3930,8,3950,12
2CAAB013-2C09-41E4-AA5A-2A15A837C2EA,7026.0,28.0,10000,27,21780,40
225EBDC0-AE7E-43E3-88CC-E9D853DE94D4,5355.0,12.0,6540,7,5854,5
CAECAF83-59C0-480D-96A0-51E59BBA985C,4984.0,12.0,5252,11,5450,12
602C968E-EA0C-472D-B4EA-261FFD52AEDA,5419.0,5.0,5228,4,5969,7
695CA004-B15D-47AC-952C-015CA103984B,6454.0,6.0,6844,8,6600,5
2C4E05AE-EA0F-4369-A078-D59A5D11FA5F,7597.0,1.0,4940,6,5300,4
8A7924DF-511F-431C-AB34-DDAE82DC82F2,5713.0,4.0,4832,8,4900,7
B8A10381-2AB0-40E7-B848-86F6F0830929,5605.0,3.0,10000,12,7336,14
CF3FE88F-9234-4821-9172-E2F14063DD38,3701.0,12.0,2706,3,2915,10
4A927FA5-6781-4B7D-B621-CF7EEA42EE72,4679.0,18.0,4444,18,4800,18
0208CD02-2447-47CC-A019-89742DCB8F4E,4415.0,17.0,4100,12,4457,10
AE745A42-0955-45B8-86BC-BEA298E52942,6558.0,8.0,5688,-2,5350,-6
06A8E85B-D315-4B3A-9678-22E6A0E32781,5379.0,11.0,4620,13,4750,20
5D94B7F7-79FD-479A-A73B-BA2B17867CE0,4679.0,18.0,5028,24,5100,28
34699A82-7B08-4656-A29F-366B91B61458,6942.0,2.0,5456,21,5350,17
F1B5137E-4791-42C5-8653-703313F9EB5E,5012.0,27.0,4752,22,5050,25
50448C80-0AEF-4C76-9698-824163C79498,6317.0,4.0,4808,5,4850,2
178BC957-B690-4801-9BEE-665AD1B70567,6185.0,5.0,8264,0,7073,3
98CA2479-55B5-4A38-A9DE-F9E20B81DD70,4571.0,0.0,3094,-2,4200,-3
6ABAB8E9-3E2F-4D48-9F80-D94487337BF7,5310.0,9.0,4712,11,5100,11
3F5773AD-8E38-4066-BC16-37FDA7773F7C,5470.0,8.0,6724,6,6104,20
5F6F72A9-AED5-4056-8A73-BA7008614ED4,3980.0,10.0,2430,-4,3050,2
F28E424E-5027-45B5-B6C8-63CC82C4004F,5901.0,23.0,4096,19,5700,21
B32E6652-A56F-44B9-BE77-40F0F8CE85AC,4679.0,18.0,4628,21,4800,18
02B3B614-0893-40EF-BD3F-B29486CD4759,4889.0,33.0,5156,15,5582,20
3953558A-19D6-4EC8-9D26-7DF6603005F0,5990.0,6.0,4884,15,5250,17
873ABA8C-6478-4CFB-9012-0B7153B86447,3369.0,6.0,2946,-5,3050,1
A18DAEF0-5199-478F-BB5A-2137C9577F3B,5694.0,20.0,5160,7,5850,17
5D24D95C-B0D8-42DB-AF2A-536968BE0925,6942.0,2.0,4804,15,5250,18
1E588581-9987-433F-9998-35F577E3108E,4512.0,16.0,4748,1,5300,9
0EB61A9D-A164-4128-AB21-15175BAEB796,5065.0,17.0,5692,8,5950,5
CD28EE97-AE55-481A-98C8-71C0A4C8E885,5379.0,11.0,4632,16,4000,8
37512F2C-ED81-4769-BA63-360C440B4C08,5478.0,8.0,3684,3,4650,-1
33BBBC8A-4064-4C1C-BB8D-96E6FB86013C,5256.0,11.0,4928,-1,5550,3
3DFBAED0-509A-4D08-AE41-15209C933167,4956.0,-6.0,4128,-18,4450,-14
44A08861-253A-45DA-936E-3E6C9E6A5336,5223.0,20.0,4752,-3,5483,4
CA0CE992-CED6-49FC-AE10-C4B525E2D094,4884.0,9.0,4740,2,4650,19
B38F2794-0052-4CC7-8150-308A344A9132,4588.0,4.0,4572,3,4650,1
25F94EF5-336D-438B-93B6-033703C6EEB4,6071.0,4.0,5716,12,5910,12
8466DDFD-B2B7-47E4-8C3D-67A055F05DA5,7597.0,1.0,5484,11,6237,11
36C70481-231C-4E2A-A955-355A07C3EE83,3775.0,13.0,2720,1,3000,2
A7F813C8-2E4F-4761-B267-0AF5CF3DFBD2,5058.0,12.0,3164,-2,3300,-9
F8CDCDF3-880C-4C5A-9C0A-43B30C5A4B7B,4837.0,18.0,5008,3,5300,12
E861683A-D573-4469-B898-FA84EF123BEA,4578.0,-1.0,3964,2,3900,-1
FC3A3254-A14D-46F1-A13D-41A5EB53910C,4685.0,15.0,5044,4,5008,13
CD8FCBC1-F7AE-43D8-8DC5-0A474906EF99,5222.0,22.0,5548,16,5700,19
C0CD029A-0584-426F-9046-2B818C91629A,6942.0,2.0,4860,5,4150,2
8D655DD0-8028-474E-ABD6-160671FB8C69,5302.0,9.0,4332,8,5100,6
F3B1DD48-050E-4F3F-9BDF-0C665459ED38,4773.0,10.0,5084,9,5574,15
0A513A30-5857-400A-B82E-8998123F7B83,7597.0,1.0,4628,15,5200,11
7E4E8D85-798A-4F72-A787-564884FFEE94,4888.0,-6.0,4952,-17,4850,-10
DE1759AE-F42B-41A2-8E8A-EC130E023666,5496.0,6.0,5596,14,6000,20
8FDD241A-8F12-4C29-8765-672418CCA649,5565.0,4.0,4740,2,5550,6
07444DAF-AE29-4E05-8E7C-1E054A52BE43,5379.0,11.0,4936,8,5200,18
C9A0DA83-E257-404C-9268-C707C18C4EAA,6317.0,4.0,4388,3,4650,4
B25CC833-D600-4D6A-A414-DDAED676F2E1,5935.0,7.0,5512,10,6295,10
C4273B45-B173-412E-A667-F78EE4E3BB7B,7597.0,1.0,3872,8,4550,8
98D72F86-FD91-4975-B095-D3C661337788,4679.0,18.0,4248,19,4982,22
731F681B-6436-420C-8CB6-EB22717F481F,5223.0,-7.0,5536,-7,5400,-6
4206B6EC-B086-461D-ACFE-D35EC97368DF,4884.0,-3.0,3974,-16,4350,-7
624DE511-EACE-4DDA-9CFC-4B247A642F10,5172.0,19.0,4832,9,5100,10
9C4C0755-95E3-4705-8C63-F73773ED48DA,5496.0,6.0,4564,-1,4519,1
D03E7D92-2FBD-4F9C-BBCD-0B4333AE8385,7597.0,1.0,4420,22,4800,25
D5310434-37C6-4C0E-B1B6-BABDE93E701C,5248.0,11.0,5064,0,4850,4
74A76CF8-9227-4D51-BBFA-B1D7CA72F4AF,6317.0,4.0,3430,3,3800,1
87A6873F-7D8D-44F7-B760-9A10B9D0E0D9,5379.0,11.0,5528,9,5861,8
2A2AD92F-2D9E-49B0-BC9E-882359ADEB5D,5980.0,4.0,5456,10,5546,16
E4CE695D-BB25-4797-96F2-CE273D83FC7C,6513.0,16.0,9976,18,8145,13
DD3B0871-81E7-45FA-9444-C17F4B180253,4679.0,18.0,4292,12,4800,16
FD3916F6-7C16-44E5-A333-7AF256515C53,4211.0,-14.0,4208,-10,4000,-14
7C6633B9-E706-4091-9E38-28CA44C89A20,3704.0,6.0,3006,6,2900,6
2D4DA409-E616-4CD1-8787-CFF757C03900,5379.0,11.0,3772,1,3950,4
84AAD706-DADF-460D-A948-CE6BA9F05D7D,5520.0,7.0,5332,13,5582,9
14021D57-CF46-445A-ADFD-CE9B8F856D7C,6942.0,2.0,5200,16,5550,17
AB7AC72F-7A57-4E13-9EE5-D1B890E0B8D6,5764.0,2.0,4840,4,5282,10
C6F90A15-A422-4682-9002-EF8AFDAAB0FE,4871.0,18.0,4644,4,4850,10
87111E3D-C1C5-4AB3-89A9-000DF1237028,2533.0,12.0,2388,-1,2050,-2
653EA1E2-615E-42AC-9458-942D74FE5A6E,4555.0,26.0,4340,7,4400,7
5B70802D-6926-47AF-800E-10EC957D4F94,5428.0,36.0,5436,21,5750,21
8451A847-929F-45D0-84EC-7ABED8749EDC,5453.0,5.0,5532,7,5747,13
51DB6F50-F89F-4984-9DCF-31AA07E7AD3E,4439.0,11.0,3706,9,4305,11
0CBC97CB-A759-472D-B313-F9400224D6A4,5398.0,6.0,4328,8,4600,12
572E260A-3086-402D-B6D0-8C9EE8108943,5072.0,11.0,3514,4,3750,9
7F17E071-7B61-44D1-94AB-5D84125DAB43,5248.0,11.0,5160,6,4500,3
2C4C67DA-6504-4978-AD40-04CB4523EDB7,5078.0,8.0,4200,9,3950,11
7DB57294-A4EC-4730-BEC3-1F51E682E97A,5791.0,-2.0,4420,6,4650,7
7EB7C448-834D-44B9-95C5-744BD606D606,5368.0,16.0,5348,6,5745,9
B5F04E39-543D-4D9F-B8CD-9244EA187C88,6923.0,0.0,8464,-4,6850,-12
40861B43-ABD5-4B23-8DD4-4F67F3906641,5258.0,11.0,4904,14,5932,10
9FAD05FC-F91C-4941-9E49-4E5FB299A696,6056.0,13.0,6828,18,6585,21
6BD32E0E-5D95-45C2-959D-D694F277AFED,5394.0,-16.0,5392,-7,5450,-12
845E46EB-BAEE-4FCC-A560-47CC66BB558A,7597.0,1.0,4884,15,4800,9
7AD8B7BE-D62D-4D55-B112-65D7DB3B3729,5788.0,3.0,4288,6,4350,2
DC16EE96-0169-4024-957F-3573BF0BF64C,5417.0,23.0,5660,18,5800,16
BA158618-82D8-4257-97E2-C8891C364CCB,5256.0,11.0,5840,13,5750,25
0D6193C7-A007-4E43-9215-A6AE2EEB22A1,5523.0,8.0,10000,19,13781,19
16BEAC19-D677-497B-A1E0-955B5A291308,3161.0,6.0,3792,-1,2402,-2
A8795D83-0898-42A6-9B04-552C936E5DD3,5451.0,20.0,5500,18,5750,16
85B80FFF-FDAB-4CFB-A709-68ABD4F48422,4854.0,17.0,4014,10,4800,18
8563F7C2-4CA1-4E1B-B291-C1716D2740B8,5256.0,11.0,4820,10,5100,13
7EEE8C7B-D0F9-4271-A230-3113F1C7D9AE,5395.0,7.0,4728,2,4300,1
2A659B31-A575-49C1-AEBE-EBC849C3E46F,2582.0,16.0,1500,5,2300,5
412295B1-5158-4C43-920E-2B84DD8DD2E5,6067.0,6.0,6432,3,6107,1
AADB1DBB-BE40-463A-8C74-BB5D7990EB0C,5990.0,6.0,5980,8,5900,10
D1EE2F45-BA7D-41E1-AA10-07CB8366729F,5256.0,11.0,3354,12,4350,3
0104851B-E8C8-49B7-9A58-300C0F9869C3,3488.0,11.0,3964,10,3350,4
5003EC24-7A69-4F0A-B7FA-73B9365D2DE6,5244.0,20.0,4380,18,5650,30
52B4AF0D-4F2E-4788-8E68-18F33E72D779,4785.0,18.0,4780,14,5550,19
25908F8A-A81A-42B0-BE3C-FED9A8ABF4E6,5276.0,8.0,5068,11,5200,8
327FC1D6-CDA1-4A15-8788-D9DFAA6D00A3,7086.0,18.0,4936,18,5100,21
B95AB626-AED6-40D5-94E6-0C84B4BD2886,5990.0,6.0,4840,13,4950,13
C1D1B2B9-9CB9-4A78-B230-7C1C6DDD0DDF,5511.0,8.0,8768,29,7830,29
166FDD56-4759-4635-A7AE-38AA04144295,5110.0,14.0,4740,10,5050,18
174FDE04-E1BB-4BFD-B2F7-8A28DA42170C,4767.0,7.0,4976,3,5300,12
8294B9BF-D6E9-4864-B327-EEAF359558DE,3710.0,11.0,3052,0,3600,12
C61669B0-B96D-43FA-83D7-3BCDA68E9BA9,6256.0,6.0,4780,16,5119,19
6CC0BEB7-7CC2-4D0A-B61E-E33E87A29F74,3654.0,-12.0,1500,8,2600,6
75C6F861-7832-442F-94E1-3D403D647B46,5256.0,11.0,4340,10,5045,16
D04C3E00-FFBB-4827-8D21-418646B83F4A,4891.0,3.0,4424,9,5100,14
0813AA12-AAF9-4E99-B391-23A136B6EA63,5713.0,4.0,4880,9,4950,7
248FC959-585E-4D74-A773-1B9DEDBA5555,5465.0,29.0,5560,20,5800,16
879BB006-6BE8-488F-AE4C-15D2B339FFA0,5824.0,13.0,4904,11,5300,10
C328D337-4173-488D-9172-9C5A1ADA94A3,6317.0,4.0,3962,2,3850,1
F7491A88-526D-415D-8D4A-D890D404D955,4253.0,8.0,3394,2,3900,3
BFF3A518-E66B-4C0D-9384-4B5A7130550E,3431.0,7.0,2686,4,3150,4
D0CE1DF6-660F-421F-8D34-476415C72C75,5713.0,4.0,4676,14,4732,22
13D78758-A876-409C-9B4D-2B28D63EA4CB,4748.0,15.0,4348,6,4600,15
7CA5F1D6-EF17-4FC5-87F8-B5189C153281,5393.0,18.0,5468,19,5850,25
AC6D6718-3831-472C-AB94-7BCDBD812D70,6403.0,25.0,10000,29,20430,36
009915D0-4ED8-4EF8-B706-D5C7DD1C2765,5248.0,11.0,5252,-13,5050,-10
93E29058-FA3A-4449-B5FD-2BF96CC8F40B,6317.0,4.0,3418,4,3600,-1
0597F789-794F-4EE4-A190-B13A51E61404,4251.0,18.0,4084,12,4332,12
3C11D6B5-06DB-4A97-8D5F-68BE3063AA54,5217.0,-7.0,5596,-22,5500,-14
D3F19C10-8BC6-4A6F-9DA5-57E969401AA2,5272.0,12.0,3266,12,3700,1
2FAB361E-7F1F-4B27-89F2-180B082E0F30,5990.0,6.0,4720,3,5450,5
50D97F26-077E-410B-92C0-B240663FBE5A,4941.0,14.0,5124,17,5350,19
3DEA23D8-A85F-4886-984D-A775A7CC84D9,2689.0,6.0,1500,-2,2400,1
5565D9B1-BA50-414D-9A50-09B9D7E7A45F,4679.0,18.0,4420,23,4800,23
0593E746-E3B1-4AC9-9C7B-28B5E3A64F60,4574.0,31.0,5152,19,5282,20
AB555439-6D18-4E03-B191-C1F77E29E46E,5025.0,28.0,4200,19,4450,25
EEA2C093-CD48-4684-97E2-AE2F4F5E7D7E,5713.0,4.0,4552,-15,5195,-12
A9171FF4-928E-42E8-9767-92845D829684,5177.0,8.0,5104,10,5050,11
A64C9141-DD8C-445F-8136-430309555C82,6014.0,10.0,5848,2,5350,2
889AEF86-9E5E-4E0B-9FA9-67B0E99DE546,4679.0,18.0,4564,13,5250,26
4BE47C6B-18D5-4274-B76A-290EB78B58C2,7597.0,1.0,5724,4,5682,1
D47C4A2C-4FFB-4939-95F3-970516613BA9,4535.0,9.0,4840,16,4300,6
65FF4C9C-C9A8-44FA-B81B-7FF2095382C2,5275.0,28.0,5824,13,5650,14
6DE58310-B185-40D2-BA90-7862C7606EA9,5789.0,7.0,5800,4,6332,5
267A9281-6D83-4FA2-B881-E9D09DB61301,6317.0,4.0,3670,5,4150,5
630E966E-5BF0-40C6-97C3-FAFE3A7B1E6B,6434.0,12.0,5528,10,5450,6
8721A108-B0EC-4AFA-A3AC-09554675BF58,5262.0,7.0,4544,1,4600,8
DE7A4FEC-55EE-4A6D-B102-7FCDF70CD9E9,5720.0,6.0,5424,5,6073,10
7D315602-986F-486C-991B-BB2FC3044F10,5404.0,2.0,3672,-4,3850,0
0EA04447-8C37-48DA-BB5C-38F45A93DB47,4480.0,32.0,3628,3,3700,29
B276B40D-52A1-46F7-B327-D86103D38573,4813.0,19.0,4508,15,4450,11
AC2FDF55-16B4-478D-87C6-05100994ED21,5643.0,6.0,4816,8,5720,3
07910677-F7DF-444E-B671-8FB258E4AAF1,6329.0,20.0,6288,2,6645,5
91D7AFA6-199E-4A38-A557-FABF741BBA45,5990.0,6.0,4256,10,4800,4
B9D05F31-9C28-491C-BE88-3B17CFB2F158,5162.0,6.0,6188,-19,5646,-8
E66DCD7B-E0F9-4778-85B0-EC2BFA356712,5396.0,26.0,4940,15,5050,27
ACFDC05B-0D11-487F-89D7-E0074A1AE335,5379.0,11.0,5468,10,5500,7
9F57DDDF-D14C-4B5F-B783-A111CBE2A61C,4670.0,-4.0,4112,-20,4250,-15
D3332AB3-730F-44C0-B937-27CA1F5E34D8,5169.0,1.0,3218,3,4000,0
79A6F017-504D-4904-9AB2-FC33B2EA7EF3,5220.0,9.0,4078,-16,4650,-25
F126D57F-0B60-4611-8A32-A68B4ACD68E8,4817.0,19.0,4864,13,5350,20
B3E332BC-994D-4653-851A-EF8EF20E0CCA,5496.0,6.0,5744,13,5884,19
A05E5A4D-D55F-490E-B7F4-D10992481379,4550.0,-3.0,3882,-12,4267,-10
44E15A5A-9DA4-4FA0-B82D-90A87C64EC8A,3265.0,-2.0,2464,0,3070,-6
22E173CB-B9CF-4100-8335-3535F0CCB161,4677.0,13.0,4074,3,4250,-1
F50F9E64-9D43-4660-9A51-B609BAF4682C,5496.0,6.0,5124,13,5350,10
9E2DF9FE-3695-4984-BAEB-C27258EA8A08,5379.0,11.0,4704,3,5008,12
7E2F8385-C775-4E80-83FF-5D192966B3AA,3481.0,12.0,1708,5,2650,2
0F70D212-E26D-4E61-B681-EA849774B41C,6942.0,2.0,3538,-2,3750,3
E79711A7-A761-4C81-80C5-215BBFB8DAAD,5496.0,6.0,5396,16,5200,15
7368A90A-FF98-44C5-AEFF-00A8433A52E3,5256.0,11.0,5584,9,6571,9
5C8E4169-55B9-4CA5-AED2-A676421C3202,5256.0,11.0,4660,5,4600,6
3954844E-3B4E-4D12-8F9B-BD6914809ADD,4947.0,-3.0,4472,5,4750,3
3C746717-F22B-4409-8D74-8DF9A6EB72ED,6942.0,2.0,4632,3,5000,5
6ED6FADE-FB1F-4607-BAF0-C3E31F7A56F2,6191.0,-8.0,6232,-6,6270,-8
813C7F66-364D-46B9-8627-FCA90B1F76D7,4158.0,-10.0,3914,-8,4420,-1
311F7DAA-B203-43E8-BB02-B3E2D7BE5D9A,5457.0,8.0,4108,10,4400,15
7C2C0F03-2E1D-4E5B-B4B8-416D90ED9415,6047.0,14.0,4704,12,5150,5
1DEDC0C1-1223-42EF-91ED-DB04EDFAAD74,4674.0,21.0,4692,13,4850,16
6933EF42-0736-45E6-9F7C-73E5F5584B6D,6317.0,4.0,4884,0,5196,7
3C13AC12-06A2-4B54-84DA-01C2166A6049,7105.0,15.0,4608,-4,5000,-1
5317BB16-5E59-448F-AFFE-0D381DACD45E,3303.0,-14.0,3828,0,2900,-16
D6529EEB-95A9-4141-9A82-29D8AE931626,4618.0,-1.0,4500,3,5032,0
E71B5C8F-457A-47D8-9066-95957617F122,5256.0,11.0,4896,8,5107,8
FB852A6C-781A-4A96-B5B6-9B419D4A7616,5984.0,-1.0,5624,4,5900,2
2BAEE360-ACE4-4B7C-AD57-7CB468D6302D,4679.0,18.0,3924,11,4600,15
63B08CF4-0485-4C92-93DB-2DE0B1395883,4909.0,6.0,6188,19,5632,17
62253739-4A31-4EC5-A57A-E5AEB875E77C,4179.0,26.0,3614,8,3650,13
D689BEF8-274D-4164-8AC2-03DE70523D78,4679.0,18.0,4276,25,4950,22
4EA80C6C-DC06-4BAB-9A04-EDE02D1E76F9,5379.0,11.0,4288,16,4858,18
3D0D3F7F-64C7-4A67-B5EE-CDFDABC754CD,4683.0,23.0,4052,25,3850,15
93BD97B2-609E-422C-A8B9-CD4F380B8DE9,5990.0,6.0,5568,11,5800,10
41D52836-9D4F-453F-81DD-363156A902B3,4679.0,18.0,4212,14,4500,14
08DA74A1-7E6E-4EB3-B606-A0B671294537,5256.0,11.0,4400,-1,5170,2
BB297D56-0371-465A-A1A0-F12AFB6D27E8,4752.0,3.0,5860,5,4600,0
723EDBC9-B056-431D-86AE-A70925BB9B4D,6462.0,8.0,5384,9,5677,12
D16F722E-D038-44B1-9069-83201BAC53C2,4142.0,16.0,3256,12,3900,14
44203601-B295-40C0-8F4A-50CF7E79DEF4,5181.0,16.0,4940,19,5100,20
63D63F14-8FE5-46AB-9365-328513D86923,6454.0,6.0,5688,14,5991,4
74BE936B-B310-4A9C-8891-11642AC8B6C6,5379.0,11.0,4540,7,5000,2
0CD4930F-ED41-439D-9A50-84B4B8AAE8EA,5369.0,15.0,5868,8,6500,10
16F7AEF3-B88F-4D01-A60C-E73839465D9D,5477.0,-10.0,4928,4,5182,4
FADAF28D-F785-4D74-9061-19B3DD39E461,7597.0,1.0,4248,11,4950,9
F9F43A7B-C0DE-422E-93D1-58EF3D16FB70,4844.0,16.0,5268,0,4832,11
AA075880-750A-4397-B385-C831260565B2,5713.0,4.0,5160,10,5245,14
EDA12B45-8802-4792-8090-415E8F57B683,4679.0,18.0,4284,20,4950,20
841DC531-CF18-4FFE-9422-4DD58E65A707,4679.0,18.0,4144,12,3900,15
8384323C-6261-4336-B41C-3308CE63B6FF,5016.0,20.0,4084,8,4050,14
513C505C-5077-41B7-8E2B-8CB403E4FDCC,3711.0,16.0,4356,24,3100,10
629DA4FA-F592-443D-963C-176C36E6A2A7,5632.0,3.0,3708,2,4150,4
923F2100-74A1-42F2-A6B6-CC7C61289C82,5618.0,10.0,6292,-4,5700,0
D1BD7BBA-EFE6-4362-82D2-FC4F645E726A,5007.0,14.0,5500,13,5850,14
B95A6DA7-AD52-4E03-907B-9EE8A3695DF4,5248.0,11.0,6392,9,5823,-6
89D28685-9962-4327-975A-A2A83A4CAE71,4441.0,8.0,3088,4,3150,8
630C73A7-4D55-4A0D-9141-F8D443F1B625,5126.0,2.0,4228,-7,4700,-2
6CD44B98-D9D1-4CC1-9D32-D5FA1CDEAB0C,5980.0,4.0,5512,6,5300,7
FCB32E23-676C-4ABA-83B1-B2586F452BA3,5557.0,12.0,3638,7,4100,1
685A6C74-779B-442C-BEE8-C789494DFEEB,2708.0,10.0,1769,1,2300,-7
9E8B30AC-A216-42A7-A5C2-C3E728889BAC,6108.0,23.0,4924,10,5550,17
0C8B79E0-8DD8-47B1-A391-413AF409E347,4892.0,25.0,5556,12,5900,18
9753E146-D47B-4521-AD68-76E636952471,7282.0,3.0,6960,3,7700,5
95D62143-73B4-41B6-A610-8BA3154EEBBE,6256.0,6.0,5348,7,5300,12
9B7C1003-6DDA-4AFC-B427-E266E642FC00,4889.0,33.0,5356,19,5582,20
84490D4A-FCE9-4962-B168-69868A5B312A,3698.0,12.0,3162,4,2865,4
5A52E230-4B04-4865-A6E8-FB0ED761FE69,5003.0,-6.0,4240,-14,4650,-10
C3D10E39-790D-4B45-A16D-BF902B770C6E,5000.0,0.0,4124,-9,4650,-3
F71F6569-D14C-40D0-B11D-BE7054FBD1E0,5713.0,4.0,4588,8,4950,10
54D26755-6F97-450C-80CA-05BEC787006E,4568.0,9.0,4808,5,5050,8
0F4523EF-0B8D-4580-A3F5-78A169C05DE8,6942.0,2.0,5236,14,5600,17
23EB03C3-C3F5-4536-84B1-07479A4F0848,5256.0,11.0,5252,13,5232,13
9C623862-9488-4E4B-B465-5886D323BA83,4979.0,6.0,4756,3,4800,9
0C088354-7BAF-4862-9F6C-1A6C0471B653,5635.0,6.0,5640,5,5808,8
4BFFE47E-A427-4E26-B018-A83034A81B39,5256.0,11.0,5096,-7,4950,-6
71F9345C-9425-4136-937B-40B819CFBBEF,4419.0,5.0,4120,-6,4619,-3
8B154F2F-690A-4557-87A8-44AC9CC74A88,5468.0,10.0,5228,4,5698,4
67824BCC-3A43-4555-B566-7D9D69339E75,4901.0,0.0,3820,4,4000,4
F33A73B8-D359-44C1-A23A-553245DB1902,5438.0,18.0,5532,20,5950,21
C47219AF-0E68-4971-835F-EBEF12602831,2698.0,13.0,2144,2,2550,3
1439DBC9-FF32-419A-8090-69EA4E3C8C08,5525.0,7.0,5268,3,5558,5
A0F8B5B8-1C10-41DB-8A8D-87B79B1F12BF,6368.0,11.0,5200,-1,5050,4
ABBE0BED-8180-4506-88C4-F0ABBCC9E33D,7143.0,22.0,10000,24,9050,22
C5D78699-75BA-4F22-B73C-9ECAE91755C4,5713.0,4.0,5084,16,5532,12
07ED38C4-F760-4495-977C-A57B7AF73084,4884.0,-2.0,5692,8,5850,13
EC0648AB-0B74-40B2-87FB-A3D80E9B2E5F,5496.0,6.0,4928,19,4800,30
6885A90E-3807-4DD4-9072-22081DA34A55,3504.0,-16.0,2238,-9,3200,-5
9495D9E6-3961-4631-9E0C-AC2326C3FB55,5327.0,13.0,5444,20,5650,12
779D5CD5-2414-44B8-945F-EEF702BB6B8C,5218.0,24.0,5484,12,6495,7
93CA039D-ED04-4784-AD2C-26A38642D849,5535.0,16.0,5772,16,5800,15
0770FBED-CEE0-4256-B9E1-92C17A583E90,7597.0,1.0,8312,15,7060,15
243BBBE6-C851-4B6B-A5B1-DF2A6A3911D6,5256.0,11.0,6248,8,6671,14
1D3368F6-F1B8-406B-8866-13D18FAF862B,5256.0,11.0,4884,1,4950,5
E0DE68CF-88ED-48B1-B580-3E64BFD0A4B2,4679.0,18.0,4120,14,4850,20
48188F05-F565-40C5-BA52-C089D3FE35E2,2878.0,13.0,2908,8,2700,15
FB36EA97-7284-4D6E-A775-48EE22F9B102,5574.0,0.0,5596,-1,5583,5
FFA5D434-0011-4581-9B49-97D3A8FD5863,5695.0,1.0,5108,2,5783,1
A4DEE7D0-9FC4-4E38-8A5E-B2D602FB9EF8,4423.0,20.0,4732,14,4600,16
2D66D995-75B7-439C-8E27-FE4555036452,4973.0,24.0,3880,8,4200,15
B19D35A9-2C15-4DBC-AC88-E743A905F62A,6317.0,4.0,4484,-1,4350,-4
893707A2-C532-4AA2-9E0F-B5298D41C740,5821.0,26.0,4928,11,4100,6
99F23C3F-4437-495E-BA01-C718C8239273,2573.0,12.0,2266,-5,2500,0
008B7CD2-969F-4117-90EB-866AEB4DCEC7,4308.0,5.0,4604,15,4608,7
48E2B677-A8F8-4C30-A8C0-F22EF2758106,3691.0,9.0,3758,6,3100,9
C6D5F0C7-05F0-4233-9F05-884244BA2FC5,4048.0,19.0,4184,2,3200,9
197BF2EC-32F0-4406-9F5E-8950CFF4EEA4,3605.0,8.0,2696,6,2550,6
64801656-A1CE-4F65-BCC9-B0339B81EB27,5681.0,2.0,10000,-4,10450,-1
C850790B-81CB-46D2-9908-D4329B17A692,4923.0,2.0,5016,5,5182,5
50B439B0-ABDA-4A0E-AA19-4784C5517BE4,5256.0,11.0,5712,8,5707,7
CE3B5692-6B1A-4854-918D-A4C8F765F114,4781.0,6.0,5880,18,4343,8
FB86F492-3D9F-49B2-9B8E-B52A31591C7D,5545.0,15.0,5876,13,5882,16
C3C83BD9-4023-4C2D-BB57-7F6F8E21E518,4679.0,18.0,4030,13,4550,22
A9A1B792-3603-49DD-A9C8-50D869B2D4FD,5320.0,19.0,4720,14,4472,13
2B1E3AC3-A19F-496F-A0DD-BCCA674895E4,4255.0,14.0,4160,6,4455,23
55F5ECD7-2068-44F9-B28A-4B88134403FE,5439.0,16.0,5572,19,5900,21
C4558836-46C1-4238-BE50-74728C8796F2,6942.0,2.0,5292,18,5500,19
BEE6963C-BF3A-47D5-99D3-3AB98F695FF0,5019.0,10.0,4580,3,5000,1
C07CCE42-9445-4CA3-867F-1274E534596C,5279.0,7.0,3882,7,4350,5
4E70E9CB-F739-42A1-A778-4C113F388545,7597.0,1.0,4944,9,5350,6
5B3B5F88-CD01-406A-B2E8-F02815F74BC2,6628.0,2.0,4588,-3,5050,-1
6B0F0409-A800-4CEA-B99B-2510D0A461AD,5379.0,11.0,5512,3,6458,16
B32A70FD-1D68-40F8-B3D8-348BE697DAEF,4903.0,7.0,4532,8,4641,4
5363F78D-A506-4480-995C-007569D32F95,3189.0,9.0,1971,5,2600,8
1756953D-34CC-46CD-991E-0E172873DEEF,5643.0,6.0,6036,5,6373,2
F21CE6D8-0677-4209-864C-4B8BD7FAE2E5,6071.0,13.0,5084,3,5550,2
B9E51246-A16B-48D4-8866-15F8557184B7,5256.0,11.0,3934,5,4257,11
1E532893-4A1D-44F0-8E59-FB81576FA346,3202.0,-5.0,2686,-8,3000,-1
43971700-485F-46AF-80E4-FC80F12C9866,5262.0,7.0,5596,12,6174,16
A8587DD3-E758-4B5B-AB96-DAED76A7C36F,4679.0,18.0,4520,18,5100,20
DA586496-CB03-4241-AAD7-F9579A4DEA53,3637.0,3.0,3420,0,3900,8
87823E60-44B3-4A1E-A9B6-BCAA942599F5,5408.0,9.0,5196,13,5250,15
6B65BC34-4646-49A4-A1DD-68CB024BD09E,5248.0,13.0,5504,17,6074,15
6D53DF70-A5F2-4061-BCF9-3F4FF65BAEA3,5713.0,4.0,4924,5,4645,1
20C305B8-2500-45C3-829D-F91127547B13,5256.0,11.0,5328,6,4982,10
AC2CE968-4E71-472F-9CA8-B33DA289F67B,4636.0,-1.0,5376,12,5747,13
7644E224-CDA7-4FE2-A82E-4ABBEAC85DE3,5762.0,14.0,3924,2,4200,-6
330DB184-33E1-4982-B90F-1F18A092193C,6274.0,10.0,8280,16,7160,19
D1F3E31B-A67B-4E3B-8C57-90D75E88D91D,5193.0,6.0,4940,2,5158,10
B1295AE7-52CD-4922-863A-8134AEC0AD93,5006.0,10.0,3240,14,3700,16
5943B672-0029-44B3-9B85-AD273299F5DC,6490.0,12.0,5052,2,5300,5
986BF5A9-C848-40A6-82B1-A76FBB5E9AC2,7597.0,1.0,4948,15,4900,16
1BE82311-8B74-4A5B-92E5-EBDE24D681BA,4959.0,6.0,5924,13,6224,18
83064B34-025A-4A1C-83D5-C19B13A5875D,5102.0,-7.0,3850,-19,4100,-15
1EF4404B-B0B8-4FFA-AE4E-56CB94BE5F11,5510.0,2.0,5504,-3,6333,2
1EEBC84B-C4FD-4D06-9ADD-A6A2B7D4E83B,5256.0,11.0,5060,8,5145,15
2BA6A229-5A06-4A41-906A-7381C74076D7,5546.0,18.0,4264,-3,4500,1
F48E401D-69A3-49D6-A962-2E06DB8727C9,6256.0,6.0,5196,11,5080,16
1113CBD0-6B89-4F65-B2C2-3321ADFDF2B4,4679.0,18.0,4704,17,5000,20
F43DAFD9-DE86-4A0B-8CD0-185F4061D626,4956.0,-6.0,3972,-19,4450,-16
D5B3C469-696B-4821-9895-55A80E52FF35,4746.0,17.0,4416,9,4050,15
67C0FAFF-71B6-4D22-920A-85CAD9B56B0E,4512.0,19.0,4704,17,4900,18
8AE35B93-4389-452C-AF31-119C9A7B39B9,5206.0,18.0,5296,16,4969,17
39602087-F260-489B-BA84-497AC2B626E0,5496.0,6.0,4960,10,5400,15
743340EA-7EE9-4070-8488-9B0F00B759CD,5428.0,18.0,5368,17,5950,21
2035B81F-9836-4E55-82A7-E4E47F54C334,4485.0,13.0,4676,10,4950,16
9D09E774-A9B3-479E-B365-33770944BA64,5713.0,4.0,4364,13,4450,16
B0869E77-C7E8-4007-87A1-9CBE53FE7AC2,5687.0,5.0,4388,3,4800,8
29715EBD-B360-4BB1-B34A-8239F7CCCDF5,3781.0,-2.0,3836,-7,3417,-22
043B1DB9-D787-490E-B530-97C78B027BF1,3868.0,-25.0,4212,-2,4350,-21
ADFE3B19-B4DC-4BEC-AC5D-693167390D0B,5200.0,18.0,5488,9,5782,11
B3D173AD-BAEF-4455-9E7E-931CC637887D,7597.0,1.0,4668,16,4800,16
0666AB86-A453-473A-84E1-C280502A366B,8180.0,9.0,8052,1,8050,0
4C7A07EC-35D6-483D-B274-79EE4EE3669F,5073.0,25.0,5264,16,5400,27
61A11733-B08C-4D27-B2FF-8A013153B13F,5379.0,11.0,4828,1,5290,8
C8004AAB-1873-42EC-A05F-D4360F814B17,6942.0,2.0,4652,14,5800,10
BCD3E488-B83D-41B4-ABBB-33FCBDD7ECD2,5500.0,10.0,4960,5,4850,3
2F11F4D1-4C15-473A-8E61-ED2CAA61087A,5485.0,1.0,3802,2,4200,5
BD75C1B0-992D-4A6B-81CF-3B35B7D75419,5202.0,7.0,5220,9,5408,10
B387CBDE-824C-4CEF-B9AA-7C66BD84EC88,6256.0,6.0,5444,17,5250,12
313F1547-0083-4296-93DB-6847DDEDAF4A,4942.0,28.0,5136,21,5282,20
6FED2A1D-7CFF-4982-93BF-6B0047838023,3643.0,-14.0,2922,-8,3600,-9
F942B4E4-0463-4E1F-9923-DEF2DFF85AF1,6942.0,2.0,5296,20,5300,21
48ECBD77-3AC3-4CC5-BCE9-8360E912DEFC,6345.0,23.0,6944,21,6745,21
3E798215-5837-45DE-AFD8-A8F4361CA263,5347.0,13.0,4852,3,5300,-3
AC44FB5F-3AAB-4A33-930D-E4EB1E67442A,5529.0,9.0,5744,3,5250,9
69516384-553F-4F09-8E4D-3FF10936DB20,6119.0,41.0,5132,4,6050,17
F9F1ADBA-0F53-4FA8-AFFF-7C3AFB2A4BDA,4661.0,21.0,4660,17,5058,17
BFA5F0DB-F8C4-4D0D-9809-8F9127C35385,6822.0,22.0,4376,10,5395,17
FD856446-E21C-4BB3-8735-8CCA9FFB7E14,6317.0,4.0,4516,6,4750,5
16B37F24-2E23-4BC8-A819-0CDF6903CFD5,5610.0,13.0,4616,3,5250,0
F0A34EE8-2896-4EC3-9D3A-3109C7D5E522,5068.0,9.0,4676,5,4691,4
FE311D57-45DC-4572-B8DE-89E6ABC26C9B,6317.0,4.0,3480,0,3700,0
8D9933CA-C871-4946-AE4F-90A739555BD5,6317.0,4.0,4664,0,4600,-5
003C0559-D546-4E49-8514-EC2FB7ADFCA3,4956.0,-6.0,4300,-7,4650,3
A42BD931-DFA3-4FA5-A8B3-B3B024A583D9,6317.0,4.0,4336,3,4650,6
807C91F4-61B8-4891-8824-4D3A7E7CC69A,5539.0,9.0,6564,9,6972,19
4E1D0239-91E7-430C-BFC2-0C0E7E33C657,3908.0,7.0,2596,3,2965,4
5509178E-F81B-475B-A712-A09831FDD88F,4677.0,18.0,5036,17,5600,19
60D3DE24-BE18-4632-8173-480914CADA9A,4967.0,19.0,4804,20,5000,25
E5BF72DF-E1AE-42D9-ABAD-285B9752BAC4,3325.0,17.0,2430,2,2900,5
C00C02E0-CD6C-4550-9726-A21E9E398841,5256.0,11.0,4952,9,5000,11
11C44071-36E0-47C0-8A4B-36F2338F3B97,5028.0,9.0,3498,5,3750,9
149744A3-D599-4D25-A737-3F08F91DD691,5156.0,1.0,4276,-14,4932,-12
7E8E546B-712A-464C-8FB0-346F27544F59,5687.0,23.0,4532,18,4700,13
DC90FF3A-2ABE-4E2D-9F47-D7ACFEBB3641,5306.0,-3.0,4456,-11,4800,-5
EE8086E1-8DE4-4B4B-B8F9-1A9DAA211034,5552.0,7.0,6048,-8,6433,6
28C73ADE-3B04-4BC5-93C2-C504C89503F7,5833.0,11.0,3726,9,4000,14
C8F0BDEE-5131-48AE-8E6E-9484B62F5B22,5104.0,10.0,4696,20,4850,20
5F679E3D-76C8-473D-AA1D-1FBD895309E1,7597.0,1.0,4592,12,4633,9
F106A468-443F-4C2D-9C72-DB228E14EA9D,4007.0,-4.0,3974,-4,4400,-7
39D9675D-F809-4F6E-AEAB-2060B5CF4A52,5767.0,-4.0,4624,0,5150,-3
85ECE7DD-2DDE-4C98-BB4A-A3444729EFE6,4753.0,21.0,4484,7,4500,7
6FEA197E-0926-473B-854E-22406A355583,4001.0,3.0,3742,10,4300,13
A36EF44C-E940-474C-BEB3-724601FF880B,4559.0,-1.0,3912,7,4050,9
591484D8-D948-4CF7-AFF9-46D60C5D9116,5515.0,3.0,4588,5,4450,6
88EF9D76-68B5-41CD-930F-40A0B1B9D878,3381.0,-12.0,3028,2,3150,-1
DC496D2C-1F94-434B-801F-0BA2D20F2938,4349.0,15.0,3952,6,4000,0
3788E97D-FBB4-4F8D-B23E-D04B49DB46A4,6256.0,6.0,5152,13,5200,13
1A143BF2-C6BA-4E39-94A3-1487A7460D1E,5281.0,12.0,5936,-1,5350,3
95BE3817-D9E2-4596-8616-DF29E1AAD85C,5248.0,11.0,4792,-7,4850,-4
A4DC1704-2821-4421-B9F2-8E58B5C5D761,6256.0,6.0,5104,5,5200,5
38A9F5C9-59A8-4626-8E0D-7B2EFABB021A,5256.0,11.0,5396,-8,5570,4
098A9465-BC35-434D-8283-04728F0810B0,6317.0,4.0,5060,10,4900,7
DBC66FF5-E615-481B-9DF9-B26E9B4FD72D,5964.0,11.0,5928,-2,5985,2
6979B87B-0B68-42CE-BEA6-EB624AC00EDB,4978.0,11.0,5680,22,6082,36
C4D29EA2-8E26-4E87-B80C-395755FD75CD,5496.0,6.0,5200,12,5550,20
7133A577-736A-4214-BD9E-746225CCF2B2,3621.0,9.0,3550,3,3400,7
47183DD0-05A5-40E4-8144-7A6DC47FC10C,5377.0,14.0,4872,17,5308,17
99FCD3B0-E32B-4CEC-8DE9-498D9EFAFD5F,5248.0,11.0,4428,-19,5050,-10
24BCEFCD-FFD5-4CEE-ABA7-5143B9D3EEF7,6317.0,4.0,4420,-1,4400,-2
F040F74A-70C2-4696-989E-CFC4B561C354,5431.0,8.0,4908,15,5000,11
6E5B1EF2-EFD1-4B69-9454-646AF42BF74B,4368.0,8.0,4018,14,4455,23
AFA4F2FC-9121-4505-8AB6-8055C732410D,5304.0,20.0,5352,21,5882,24
3B406C26-2A2F-45BB-A2B7-B4F3FF231DA2,4489.0,1.0,4344,0,4646,-1
A86A3717-6559-46E4-B00D-DD2B152B7956,4909.0,5.0,5060,0,5450,7
D6E64D99-0740-4001-A307-DBBE41BE9E34,5990.0,6.0,5412,7,5700,8
CDF457AA-84DA-4C1D-A50F-DE0600AAFD8B,5739.0,21.0,5560,13,6108,13
F307AE94-D534-45BF-B1E9-1B42E4338915,5256.0,11.0,4332,-8,5385,4
C1CAEEDD-5FBA-49CF-8626-775BD85DC238,4699.0,1.0,4816,-5,5620,-1
A144A5C7-9638-4FE0-B0F0-FA9447DEA1A2,5623.0,6.0,5316,7,5246,18
6C4A0F84-577A-433C-8228-298135BE7E11,3674.0,10.0,2132,-3,2700,7
1766EA99-74BB-4D7D-B8F8-D8C7B3C92C6B,5541.0,8.0,6024,15,6682,13
43836D64-544D-4AA3-8657-6FB5941EE6B9,5256.0,11.0,4700,5,5395,5
981B1434-773D-4870-8503-7DE24E589475,6317.0,4.0,2946,-4,3800,2
6C85AE4F-954F-4836-92DD-088F6A96B857,6056.0,12.0,3960,2,4200,12
02F796E6-B530-4A74-BBCE-D1F9ECF9A199,5706.0,19.0,6208,0,6495,7
FFCDE5E6-0690-4E8A-B6D9-E5AB1BF9119E,4677.0,18.0,5052,14,5320,14
16866846-16B2-4277-B982-0FFA2E2FC224,5466.0,8.0,6036,-4,5985,-9
9620F84E-9483-4B12-997F-A7E810AC7501,4920.0,0.0,4956,-2,5233,-5
7D6E08B7-619D-402A-9646-4B0EB7E7F55F,4923.0,16.0,5128,20,5282,19
273906BA-ECA0-4FA0-BECD-E70EF536DA72,5395.0,23.0,5176,19,5200,23
17567ABC-F1C8-4082-B8C7-784B8CEC07CF,4790.0,11.0,4300,0,4500,8
D878E927-ABFB-4664-BC5E-06F845012BB7,4679.0,18.0,4460,16,4550,20
00E7D57D-CD38-4AA4-A8EA-AEC46A8B61D7,5302.0,7.0,5536,4,4858,6
AEF563A9-0050-438D-8832-D5EFB8CCAB2E,3393.0,12.0,2474,1,2700,-2
693BCD21-F3E5-43A4-A226-B8C968FEC719,5181.0,10.0,4388,8,4800,10
C4DE8430-B9AC-4A3E-BDE3-84200AED03B6,5335.0,6.0,5200,9,5500,14
6F98E70A-73B9-4235-A849-66E608222BE5,6317.0,4.0,3672,3,4200,5
DDB51281-AAA7-4C5B-A4AA-20198AA356DF,5560.0,19.0,4908,13,4750,7
4E1D3E0D-A23E-4770-9679-FC5744CBDC9E,5354.0,-3.0,4644,-7,5000,0
55234551-611B-4FD4-8B17-8E3D9135A884,5981.0,2.0,4888,0,4750,2
BD0C1DDD-F3A5-4B93-B199-02227CEC0242,6317.0,4.0,3526,5,4000,4
9CFF6DD0-EEAE-4677-81B8-D0C3EEDFBFC0,6942.0,2.0,5312,14,5700,15
73EB55CC-562C-4FA5-AEA5-E7B63BDB8B94,6291.0,9.0,5480,8,5282,10
716E84A3-0E8B-420E-AE30-1F1D5D901E37,6132.0,17.0,7536,18,7575,24
DD3FF706-E3CC-4BFE-86EA-503509C61CF4,6942.0,2.0,5052,17,5600,17
82FD27EB-0A06-41C4-9CCC-8DCBA629BEDE,5720.0,11.0,4960,8,5500,7
A19A5B69-2664-4CE5-87F2-0FF52A1FBC28,5265.0,27.0,5824,15,5950,22
681F2B7A-857A-48D9-9829-9F9F039C76D9,4679.0,18.0,4676,21,5019,25
EAFBEADD-0F01-43E7-8CC4-3A3758047689,5713.0,4.0,5124,-4,6150,1
964122B1-BF65-4D52-9852-F7FF09AC37F3,5218.0,23.0,3098,19,3050,11
4E2422D1-1D2D-4CDA-A380-DC4C179D022B,5248.0,11.0,4848,-16,5350,-16
12DFC993-6B80-42DA-8913-F2FBEC214AEA,5723.0,2.0,5288,-5,8450,-6
6204CF76-CC5E-4B91-9233-2FFD60A84F8B,5379.0,11.0,3072,5,3600,8
59FD7EDE-5579-453D-93D3-21FCE8EA5A7C,5341.0,19.0,5224,14,5950,21
001230D4-698D-45D6-8C49-DA4CAA7AA84C,5258.0,11.0,5568,8,5482,21
B0EE527E-8849-4408-B49F-2866789B9959,4599.0,15.0,3670,11,4400,15
A1A0494E-23F9-41B4-B712-9B0BE33A046F,5354.0,-3.0,4244,-9,4600,0
B57E2BAC-D18F-43F7-B995-6E415E1136C9,6602.0,2.0,5084,7,4850,4
2F82CD4F-47F4-4980-8401-12B03F5BE254,7095.0,12.0,7760,-1,6580,-4
6BFFD316-12FF-4B8F-8B70-16EA85AD96ED,6159.0,-1.0,10000,6,9512,14
2F48C8F6-9A02-4756-9CD9-166BF8A3802C,5379.0,11.0,4608,12,4800,21
B32D8E3E-3167-4C85-9645-158D458FFB02,4343.0,24.0,3872,6,3900,17
5A3CA51D-F195-43AB-95C1-232DD345AB51,7597.0,1.0,4528,18,4950,20
675DA32C-CDAE-4C39-B537-20E6263415E4,5223.0,21.0,4764,29,4350,13
1945C41A-EC0F-4A95-B3C2-BB5715431E70,5713.0,4.0,4600,6,4400,-2
6DAE9640-2F5C-412A-A437-7130EDA40E01,5877.0,4.0,4640,-8,5100,-7
54626EB6-00DB-4A83-AE65-1F09B5847E0F,7597.0,1.0,4018,13,4350,15
B00B6889-EA67-4553-A96A-634B2CBED3F4,5414.0,18.0,5336,20,6000,21
F49CE793-2ACE-4C3C-BFB5-E26545D3CF27,4679.0,18.0,4760,14,4800,15
84FBE3F0-7055-4B0E-94DB-F9CD243410F2,5447.0,16.0,6004,14,6232,16
B5835BD0-150A-4321-9C2C-3190B89CF3F9,5248.0,11.0,4940,4,5108,14
8EF7ACB3-3FD5-4820-9F22-06BAA8F08F44,5239.0,7.0,4312,3,4050,5
74B11119-622B-4838-8AD2-31B2CD8E6FD5,5496.0,6.0,4708,15,5469,27
BBD0ECCF-C66E-4C32-AC3F-48B719134082,4679.0,18.0,4312,16,5050,20
84841D9F-395E-4706-9BDD-100583F2FD98,7597.0,1.0,4884,10,4900,10
28A2A404-8A36-4BEA-B1A1-5A807D7E540C,5425.0,19.0,5640,20,6000,21
6712E994-69A8-4B5D-975B-34F7688A8B9C,4919.0,11.0,5192,3,5382,19
B4C29856-D1B9-4E94-A762-A67EF65D45CE,5816.0,6.0,9720,-9,7560,-12
07979A10-65B7-4101-87D5-51541FECA74D,7597.0,1.0,3848,3,4306,7
6F155E7F-7CCA-4F8B-B2D8-F8FCEEFBCB9B,4931.0,14.0,5140,3,5040,9
C033F455-CD18-410A-9DE1-488D71CBA07D,4971.0,19.0,4392,15,3900,14
813E9EFC-86BA-4DF5-B904-4A0EBD584872,4100.0,-4.0,3814,-7,4300,-7
44085345-41B3-49C2-A0AE-BCA2FC307811,5707.0,17.0,7696,5,7045,5
4C78C1E4-DD23-409C-B9EE-3499FFF49DE4,4806.0,-1.0,3688,-41,4245,-31
9C7B1547-9C37-4BF4-BE25-A2F0E8F9888F,4679.0,18.0,4084,21,4850,23
E1AFF04E-5C13-44F0-B850-365534D88C19,7597.0,1.0,3870,14,5300,25
CE8014AE-AC86-4B33-B914-B795EB95BED6,5379.0,11.0,4296,11,4300,9
2C2A71F7-700F-4AC9-B278-78D2B91C0609,4965.0,14.0,6268,4,6132,7
02AC541E-6614-492B-9134-CAC6785596E7,5271.0,7.0,5708,11,5254,10
81849253-DE85-486A-8BAD-493386512B24,6912.0,24.0,8608,5,7335,10
F3D44F97-782F-4C36-8196-5C98A60BD2EB,5450.0,19.0,5236,13,5800,19
5A7146E1-E803-4BAE-A36C-40D63B0C8208,4804.0,6.0,5224,16,5282,19
8174E82F-C2C6-4FD0-B77B-72C0AABC403F,4660.0,22.0,4864,14,5000,18
83454407-6577-481F-AEEB-6CFB053776E6,5496.0,6.0,4576,12,5000,20
0C7CA5E5-4D57-46FD-9A28-3F281F1FD2B9,4172.0,8.0,3570,0,3650,3
71367441-62FB-4713-A0EC-0FDEDA89A802,6131.0,6.0,6872,0,5950,2
67B79137-400C-4F52-B459-92E1EB63039F,5052.0,7.0,4676,11,5432,16
38288178-4689-4F62-92FF-71DC87A6B4E1,4710.0,13.0,4596,0,4650,1
032786C6-CB7E-49B1-8A21-F358EDF8325D,4859.0,5.0,4604,-3,5050,4
ADC7304B-6773-440C-A70A-BFAEDFA8B9B6,5713.0,4.0,4196,-14,4745,-8
B18F9052-24EE-42F5-A0CE-6E26B8D6EBF1,7971.0,7.0,10000,-5,9170,3
AA5EAE0D-4F46-45EA-9B80-905EF0E5B9D5,6298.0,12.0,4748,15,5000,11
C750FD59-F211-420E-AA5E-4A3B9830D894,5607.0,8.0,4788,10,5050,7
8FDA2FAF-CEED-4597-9E31-53D7A3F3673E,5496.0,6.0,5648,14,5450,19
D8DB8C2D-96CE-449C-919F-F9D7160DDEB5,2490.0,19.0,1510,4,2000,-2
D847FAC1-C6DE-4A42-A37B-1452299A9559,6124.0,2.0,4756,-1,4900,4
0A5E4955-33F7-49D6-B74A-116948877124,5256.0,11.0,4872,4,5250,8
EEEACBC0-F6E9-45B0-B215-560B2148F783,5256.0,11.0,5224,16,5585,12
5A87A9EF-10D8-46A4-A6CC-0E92BDEFFB83,5054.0,11.0,4964,9,4900,13
D7DA640E-27F3-4A51-8358-5F7605515BF3,4937.0,16.0,5052,6,5082,6
DDDED8B8-2C50-454A-92ED-2563AF0A168D,5259.0,14.0,4528,17,4882,17
3984C663-8E37-4447-824F-D78B04518EF7,5549.0,2.0,3116,10,4500,2
507D11D8-17E5-4093-928D-9D1E6ED8DEEB,5461.0,19.0,5664,19,5832,24
87F649E5-4A4D-41FA-B53C-A95FB21C403F,4635.0,18.0,4328,9,4650,14
4C397CD0-6D35-4340-ABDE-82B6A06427F1,5496.0,6.0,6436,18,6350,20
C8949D6C-F373-45ED-8B4E-7FABEE31E44D,3677.0,11.0,2380,9,2800,8
C96F7E1A-39AE-4566-B474-2B82CB14E0F5,5256.0,11.0,3584,11,3700,14
AB0A0A13-CE23-48AE-B8B5-5B4287C47041,4494.0,19.0,4904,14,4550,14
27543EF6-FFF9-49D9-80CC-A0B30C5CA7DF,5206.0,18.0,5044,13,5432,19
477DA96D-EDDC-4F30-B9B4-1A103AA176E4,5087.0,14.0,5628,15,5240,13
042CC22D-A47E-4AE0-AF33-ED1C635BA486,4878.0,18.0,4936,20,4950,21
945E43FD-9FA0-470F-870D-B2F47BEC3F50,6317.0,4.0,4132,0,4850,3
5145BEAF-BA79-40BE-8135-389EEFDC9425,4956.0,-6.0,4696,-2,4782,-6
85C5B145-2369-4C0A-BC2B-98F6AA4F7C43,5442.0,8.0,3974,-11,4650,-5
B7E01D60-726D-452D-9295-981479D4A9EC,5713.0,4.0,4976,-2,5120,-6
7E0138C6-C711-45C8-BF59-03675AE191BD,6233.0,23.0,5020,12,5407,15
C21DD2E1-3686-4490-92AE-5CFB092DE4AF,5535.0,4.0,6200,3,6385,7
26A6293F-1129-42EC-ACEB-5C56C4618A15,6317.0,4.0,3768,6,3850,7
DF651D0E-9BD6-421F-BE62-6D7D2A796B9C,5842.0,17.0,6084,8,5845,8
A08D108B-A5B1-4F8A-B83E-DB1DCC1E1C21,6083.0,18.0,9520,24,8266,23
9544A148-DF9C-498B-BE25-EB2F308E883B,5381.0,6.0,4364,7,4450,1
104603BF-209E-4071-9C18-7F7D676CB8E8,5994.0,30.0,6196,16,6100,23
12E503ED-DDF5-45A7-BC44-6D8F1E30D882,5509.0,21.0,4264,14,4600,13
C0D0BD11-8319-45CD-94E8-79089A287785,6942.0,2.0,5148,20,5300,20
4D205303-19EB-4065-BFDF-981EFE3A2D98,5304.0,7.0,4708,12,4712,15
D546BE9A-76D2-439A-B28B-864DE6692895,5489.0,5.0,4188,7,4350,7
5BB51C13-4BBD-404C-A8B3-48A071E22249,3279.0,-3.0,2308,-1,3100,-8
DB4C3759-DEC0-4536-94B8-59E63734A314,5990.0,6.0,5152,6,5300,10
1CD7619A-EB03-44C7-831A-D280AC68305F,5104.0,6.0,7008,18,7373,19
28ED438B-4092-4E59-96AD-D6F106368EF9,5271.0,16.0,4944,10,5132,10
74540690-8CD4-4157-BA6A-D40191BEDF7E,5641.0,23.0,4816,15,5411,16
DCA54B79-8BEE-4E9E-A2A2-9DD271E3D737,6317.0,4.0,4236,-2,4450,-1
134C8248-72AC-4455-8388-4210B501C50C,5379.0,11.0,5004,12,5354,12
5E55071A-7875-4FF5-8228-5F97C4E07B65,4790.0,-3.0,5096,10,5145,11
83E72F23-4D0B-4919-A6AA-00FE78048D4E,5139.0,7.0,4348,7,4908,7
7A61DC85-CB28-46FF-A1D2-EA099E8C6AD7,4459.0,12.0,3588,5,4300,5
7F13D5C2-DB9F-4285-BE0E-89F800D5C386,5139.0,2.0,5704,-9,5250,0
E16B4489-13F6-401B-85F3-370B032E8E3E,4484.0,20.0,4276,23,3850,12
C27728C5-1BA6-45AF-BFD6-CD786BD0E8E8,5359.0,18.0,5624,20,5882,24
913E6FCF-9AD3-4B16-AED7-151CC8757DF2,3331.0,16.0,2414,9,3000,15
441622AC-DBD9-43CC-B2CF-DE0F59709316,5254.0,12.0,4652,9,4808,8
95EBE6C6-F33B-4EB5-91A0-55E49A25814C,6812.0,22.0,5272,16,5382,15
6A5CE784-5E20-49B5-8C8F-AED64827485C,3918.0,-3.0,3858,-9,3300,-4
36EA9800-79B1-49EA-B49E-A30ED96F0777,5610.0,7.0,7652,11,9008,18
A9A431FB-D0A3-45D5-A06C-934540C83FD0,5490.0,8.0,5220,5,5250,6
EDA9293A-98E3-42BD-BCDF-37221A1B25D9,5248.0,11.0,6620,18,7385,16
B5DBC159-C25D-4C62-B0F1-915940AEAC4C,7992.0,5.0,5680,-3,7723,3
008E0AC8-AD49-4EB7-A052-D64E40AD7699,4679.0,18.0,4860,15,5000,20
F900069D-86C5-4F9B-8BD3-FC88FE1EFCE4,5858.0,9.0,6684,7,7150,8
284B1C4D-765E-4DE3-ADD5-13073BC309A0,5496.0,6.0,3242,-31,4000,-25
4386070D-3563-4AF0-9DE1-C61EA0F3E447,5425.0,18.0,5576,18,5800,21
DCD24D03-526E-4032-B3CF-06972DA8CDD2,5713.0,4.0,5568,4,5319,2
2ADBC3BC-D7AF-4596-8054-D6550177EB77,5789.0,7.0,5684,8,6432,6
A5E29889-F890-48BF-B443-44569E069562,4491.0,-7.0,4324,3,4600,-5
F403FCEC-7BA5-4CA8-886B-DA25B8CF2D7B,4646.0,6.0,4436,6,4932,14
1D089CEF-008D-4119-AD65-ECED6D827722,4336.0,24.0,4152,12,4400,20
0C0B5278-83BF-4508-94FE-8C144D275D0B,5256.0,11.0,4176,-1,5320,8
18D4C094-58F8-4FEA-AB34-C213F0A7A317,5023.0,20.0,4704,2,5050,16
F325961B-091D-4688-AD83-EFA1B129C49D,5243.0,4.0,3960,5,4150,7
AF09E444-78BE-42BB-BB3F-826DF418266F,5073.0,4.0,5576,11,5182,13
B21F0906-FAD8-4D57-B0FC-31539D4F15EA,6317.0,4.0,3928,3,3950,4
D8BB1AEB-F564-4531-AFC7-251FB86D55FB,6109.0,13.0,5176,8,4900,4
30116EB9-80DA-46CA-BDC0-B9CD765EBFA1,3549.0,6.0,2226,-4,2700,1
94802EB8-8DE6-4BE9-AE67-BE0CEEEFA651,5465.0,17.0,5728,21,5900,21
452211B9-182C-448E-8650-0490AA9A6DF8,4359.0,3.0,4496,-1,4658,4
FF447211-E497-4F7B-AFB7-5EFF9D415CD6,4026.0,21.0,3350,5,3800,14
50A13E8C-5A66-40B2-8BFE-7D4C77E231D6,5256.0,11.0,4944,0,4758,12
3D5F290F-65E1-4B9A-86D0-B1BEE3538CE7,4974.0,17.0,4036,-5,4882,10
0921B7B8-5DC5-4C76-B559-A5B354FA7917,5220.0,-17.0,3820,-13,4500,-7
D50AD595-465C-4013-850E-917B8D9D4FB5,5496.0,6.0,3854,-16,4400,-9
E2459DAA-B470-4226-AE51-B57BC75EE2A4,4436.0,9.0,4096,10,4250,8
3A9AA806-50B9-4164-AD57-9979A08AF683,5350.0,18.0,4380,-2,4850,10
63F1E6B2-0AE3-4BB6-A993-150B1CAA0BBB,5395.0,15.0,5108,16,5550,11
6353FCFF-98BE-4F99-BA81-A19A6947437D,4016.0,12.0,3398,13,3850,19
CFB16007-EA80-4AB6-8E7D-9F774F850A04,7105.0,15.0,6504,7,6000,9
1EF17831-AA09-4DE1-9608-419E5F196B55,6036.0,6.0,6704,-3,6623,-3
605B2A5C-FDEA-4051-8A60-54AD9F138369,5474.0,9.0,5008,-2,5250,6
4BA985A5-AB64-44C0-B853-B428FB1DF4C4,4963.0,-4.0,4720,-3,5096,-3
2B7D328B-D82D-44DF-A51D-84DB8E2E0311,6317.0,4.0,4156,6,4800,9
4A560341-FDA9-471D-8F4F-99773B571986,4355.0,15.0,3044,7,3650,14
D44A9FD0-DFC8-4ABD-9A05-CE7206DAD725,5011.0,5.0,5016,4,4850,5
C205D4F2-D418-4375-859D-0279DDE0B8A2,5496.0,6.0,5068,15,5500,15
150B42DE-D165-43D6-B9E1-F941784ADFC8,5853.0,7.0,5264,8,5550,10
89A2B58C-F9C9-44AB-BA8B-D9023276AAF4,5213.0,13.0,3206,3,4000,8
9F5E1200-5C13-4182-AEA3-27CEC7F5B7F9,4679.0,18.0,4552,16,4900,22
9D838E0B-D944-4626-82FA-D43A0FC1DFDF,5965.0,18.0,5548,3,5995,5
A86D6BDD-18FE-4307-9EBF-5E049683E27A,6942.0,2.0,5424,12,5450,17
218D3D27-710B-43B5-B113-C19DCD69C196,3230.0,15.0,2041,0,3000,2
67204780-0128-403D-B4F2-96FD44B93B44,4739.0,4.0,4212,-2,4900,4
CF3CDB01-6679-4470-BB93-5F82CDC2E42F,5325.0,7.0,3968,-10,4500,-4
E6A35A52-E0C3-420D-98A7-B506B8200046,5220.0,-17.0,3694,-19,4550,-18
A9AA600B-5ED4-4344-87FB-0BE29449D20A,4814.0,12.0,5900,-9,5882,-9
D9FE0EE3-F83F-4C1B-8CAA-A662467F34DE,5877.0,4.0,4444,10,4700,9
B4576F46-EEEB-4B93-ACB9-DD347947CB26,4600.0,11.0,3934,5,4700,10
D2447C2B-0D27-4A42-A167-D8FCB8CBCF02,4679.0,18.0,4508,15,4900,20
441941C8-1254-4A45-B81B-5DBDEF7B62EF,4541.0,13.0,5368,18,5982,19
CD0DE92D-67A5-4CC7-9258-112F819B13C2,4744.0,20.0,4860,7,4850,14
5C34C02F-68CE-41FA-BD31-996B4217EEB2,3255.0,18.0,1729,3,2600,8
A3190F61-EFB7-4D1C-BC44-83A32EBCB644,5990.0,6.0,5368,7,5200,19
C5D523AA-14A5-41FC-AF29-53FBCA32A55A,5379.0,11.0,3994,-12,3850,-9
BD9DEDE6-FF0C-4706-B84A-EA13815BD535,5408.0,10.0,5436,9,5582,9
9B26110F-01C9-4FA6-BD58-647FAB22044E,6317.0,4.0,4212,6,4550,4
BC68A102-38FC-4A06-9A2D-75F6F825E41C,4515.0,-18.0,4328,-9,4000,-16
F509E6CB-ACE7-44B5-9240-243178B7072D,6317.0,4.0,4540,6,4600,6
3F50A8A8-4322-4D67-8E2A-5F4B729E167C,5379.0,11.0,5616,4,5811,7
97DB0100-6DEF-407B-8860-0ED2D8212576,4848.0,-1.0,4704,8,4882,3
5C5D2825-9EA3-4ECA-A7A4-95ABA170996D,5248.0,11.0,4584,-8,5050,-10
4C3E1F5C-6CA6-4D01-88A9-451BFF94DA85,5224.0,13.0,5524,-7,5585,-11
76F2AF4D-1D1B-4A85-B403-4ABDB803FBBE,5496.0,6.0,5156,2,6200,10
17A1BF6B-D790-42BF-B2D0-DCD531D20B97,4541.0,13.0,4376,3,4850,3
D58E72D8-B609-481C-A240-93DDE4F9B7BC,5425.0,18.0,5668,21,5800,21
A038C256-DABA-4FA4-BDA2-2E4301758A13,5248.0,11.0,2912,1,3150,0
BE29F3B6-A737-41A6-ADE6-A23CB5A65029,5713.0,4.0,5036,-15,5145,-15
408BDAB5-3402-443D-A3DF-D050E9A401C0,4158.0,12.0,4732,1,3950,9
48E5BF98-81B3-4005-9B38-19C830070AF0,5256.0,11.0,4840,-8,5650,0
EF6EEE04-AF54-4A5D-BB7A-5E23B428A142,4991.0,-3.0,5160,-3,5332,-2
AEFEA19B-38F7-4B93-A8A4-6C397E0D651B,5248.0,11.0,3750,7,4050,2
9A40C4C4-A887-4C84-A779-76A05747C65F,5566.0,-1.0,5584,-14,5350,-13
20AD22CD-E1CA-48B2-8C62-5B93709BB4F8,5496.0,6.0,4740,5,5250,5
ACF45341-23F8-4B00-A270-72A54CB7F161,4566.0,16.0,4488,5,5100,3
AE3E325E-6B31-4CEE-B53F-85EFFC501F32,6317.0,4.0,3838,7,4100,11
1F56F7EC-5CF7-4593-A6D1-166CD6B4D9CE,4618.0,17.0,4780,14,5100,18
3575573A-631B-4300-B75F-BD4E2B8BF27D,5713.0,4.0,5092,-2,5195,-19
4C4E0DA8-23AE-4905-A6C4-A5A075EE7A80,7040.0,17.0,8672,13,7985,10
E3FF6C42-3978-4FD0-B410-EF35C0001CE9,4547.0,14.0,4368,15,5000,11
83F2F4D4-9EDB-4004-BA32-747ECCB3E356,5713.0,4.0,4496,-2,5000,11
8752A763-2228-4BAC-B0FA-607A5203F2D9,5363.0,18.0,5856,21,5900,21
F59FA698-7F20-43F8-923A-861DC1A1D898,4722.0,24.0,4328,12,4900,16
D4F4455F-7B67-42FE-9B6B-42AD6DCCA9DD,5713.0,4.0,4836,1,5132,2
E4127A32-E9EA-4AD5-BD39-3EC0331869B5,5700.0,6.0,4816,1,4882,17
82C196EB-2831-4B0E-861D-48A56362C844,5292.0,-5.0,5600,-1,5950,-8
4F1800A4-B379-4A14-9240-3007DE26AE2E,4679.0,18.0,4664,20,4850,23
77919FC3-4C19-4875-B51D-0A5D6AE00DE3,5426.0,4.0,4094,6,4200,2
AAFDA5D1-BC02-47E0-94BF-4248B7045420,5551.0,17.0,4184,5,4900,6
6821A95E-B5B0-4E98-B8D0-929FE818B08F,6071.0,4.0,5352,7,5697,6
8138A719-EF93-4DF8-89B7-CE1987EFDDA3,6463.0,21.0,5184,7,4800,4
846479F4-AD50-4CFB-89CA-A8D15D161017,5395.0,20.0,4992,15,5200,16
604C1251-EDF0-4075-A77B-B8D4670D29B0,5261.0,18.0,5328,8,5250,11
61422680-A6A0-4AF9-9130-FA68284B85A9,6352.0,23.0,5080,6,5200,10
1EBC1486-CB46-43D2-A468-9EDBD3C32C1A,5496.0,6.0,5352,15,5400,15
DBACDEB7-026A-4222-9151-C1C550B7A787,4058.0,-7.0,3870,-9,4250,-4
A3EDC0A0-6087-4997-B82A-0012FCD7553D,7597.0,1.0,4840,9,4850,8
7053FF82-B269-4AED-9C6B-737E14282506,5220.0,7.0,6968,19,6582,19
D86B315E-137E-4182-8CBF-773DF3FE9976,5410.0,15.0,5860,21,6250,26
D6616882-F361-48E9-B289-A5216C2A7770,4750.0,-9.0,3596,-14,4200,-16
7D135503-B176-459F-BAEF-979E26014FAF,5256.0,11.0,5280,6,4950,8
C00D1A54-1344-4B6C-A11A-1D19E6531DDF,4907.0,10.0,3466,2,3950,7
ACE5D652-E569-4A3D-957C-CDF791BF33B0,5455.0,11.0,4676,-10,5350,-15
0B6D0681-EB20-4AD0-9951-E844F88150B8,4788.0,6.0,4152,11,4443,11
C2C019EB-1654-4B9D-9C77-7A1181CB7971,6317.0,4.0,4480,7,4300,4
1054737F-9CEC-45C3-8BA1-38E4A4BF2453,5011.0,9.0,5036,9,5200,15
01FF14C2-10DD-42D0-AB43-737A62CBDB2E,5043.0,5.0,4308,2,4550,9
5D7E7E8E-BF84-4121-82C0-9A0A0EF17766,4679.0,18.0,5640,22,5500,22
05AA4C7D-0796-4FAE-9E98-7AEA86BA0CCC,4912.0,6.0,4732,7,4641,4
74280FEE-8C2F-4DF3-BA36-9ABEB984FFA2,5248.0,11.0,3486,0,4250,3
57994AAD-7C37-4330-BE48-EEE6DEF5332A,5248.0,11.0,5712,7,5973,6
B32AB958-F4C0-45A2-9EB9-93E68E097DF7,3207.0,14.0,3332,6,2700,8
90F3942A-EC7D-4842-9ADE-08EF1AF1ABA1,5990.0,6.0,5316,7,6300,13
1EF65C9D-8A3D-44F3-B916-A570083EC755,5056.0,13.0,4912,7,4800,9
01D142F2-AF4B-4212-A906-21ECEA330F8D,2972.0,14.0,3012,7,2700,10
C6D4F6CB-6C0F-4326-8495-C61A89A3940E,5071.0,11.0,5624,9,5574,12
B3E0A1A4-2A59-42B5-BF42-9F1AC91A8CD1,5155.0,5.0,5280,8,5191,6
55845EA0-C0B9-4024-93E3-FFF3DBCE111E,4419.0,3.0,4908,11,4657,7
20EF85E9-F71E-49DF-BBCC-00B07BCB6369,7597.0,1.0,4584,2,4100,15
65B566FD-DEA5-4B42-89A7-C7E40841AF9D,4406.0,11.0,4344,14,4050,17
8E058BDB-1F84-406A-A242-EB6F1F2D5BBC,4882.0,4.0,3580,7,4150,9
15D778BA-07B9-4237-890D-41845E5935BB,6943.0,-7.0,4872,11,7050,-10
7775A929-5501-44FB-AD00-E59EEAF4A748,5156.0,5.0,3104,3,4050,9
420B7D3A-89DB-48C5-9AE4-FFDB8E726402,5668.0,-3.0,6908,1,6487,7
84CC52C9-C20B-4A82-A5BB-AB25CB5AC4CE,6108.0,23.0,3860,2,5200,18
008FC775-391B-461B-8A3E-A8AFBD450C3D,4830.0,-1.0,3440,-1,3950,-1
C1E499A6-5485-4674-94A7-DE3EB59A838F,5496.0,6.0,4860,8,5600,13
FBA47633-7AE7-449D-AC8E-53EBFCB1BC05,4394.0,-14.0,3990,-10,4400,-8
FA17338F-6C0E-4B20-8796-D2780D834993,5256.0,11.0,4608,0,4400,4
EF6C0B52-93E6-4F29-81FA-3279B134CCEC,5713.0,4.0,5260,14,5395,10
2986C01D-84FF-4008-ADEA-4DCE1F931920,8083.0,5.0,9608,0,8600,1
8ED5FF11-A440-4166-847C-DBBAD3B7695D,6823.0,4.0,6476,3,7048,7
F1498A73-225D-4B72-BEEE-B79D3AD98F5F,3634.0,7.0,3294,6,2750,2
3A27C5FE-69F1-4CBA-AAA2-AAC9080AE55F,4679.0,18.0,4368,21,4650,20
88A177BF-18A7-4AAD-8CFC-D35FE86DB74C,5343.0,21.0,4596,25,4350,13
9CAE0F91-83AB-426A-945A-60837BEFE7F7,5042.0,14.0,4520,0,5132,6
C65B84AD-7C1C-4CBC-9907-C7C13C62750C,5990.0,6.0,4888,7,5400,11
EE294D19-6EB3-4D8C-895A-9C018A82FF61,6317.0,4.0,4396,-3,4650,8
2CB0F310-E28F-4821-A24F-BE209D258EF2,5174.0,11.0,5228,3,5158,6
31F6356E-B8CF-4918-BF60-94AA8363A896,7597.0,1.0,5072,10,5000,12
4516BE25-B54E-4E86-817F-69C3BA7D2E6A,5326.0,2.0,4816,10,4900,11
9FF41592-5844-462E-A45C-CD36CA5913A1,4349.0,15.0,3666,6,4000,0
55CC8529-E26E-47E5-BC24-8C8E291C9C9B,4679.0,18.0,4936,11,4800,15
B9230555-7FDF-4B18-8ECA-C0333ECCA9FF,5379.0,11.0,5236,4,5390,8
0E553D69-CD8E-4BD4-B324-D107CA87DC28,5203.0,6.0,4504,-7,5020,5
E120D8E8-B6F5-43D0-9E27-15964C2EE9D4,5201.0,7.0,5292,10,5250,5
45B8D8C2-97C3-411A-A58E-984006641307,5798.0,22.0,4132,25,4300,13
ADDC94F5-ABD4-4DC5-A65E-57A49727AE24,6317.0,4.0,4120,-2,3550,-3
A474A891-9CD7-4A64-AA72-5CEB28FEA504,3924.0,10.0,3440,8,3202,6
FCAC7BDE-957A-4A4D-8D66-4F760511A309,5597.0,24.0,5524,19,5950,22
123A6C64-45E3-4559-B87D-0EC015CAE8F8,5379.0,17.0,5516,17,5750,21
26846FF1-2D5A-4054-A7DC-969B8B0FD635,5752.0,11.0,4792,12,5050,20
F73769FA-93BB-464D-BD7B-1EE2BD2F770C,6482.0,6.0,5228,-4,5100,-7
7B57D508-2393-4CA3-BD8D-1E4F10E3DA69,5523.0,2.0,4580,8,4350,8
9A746B9B-7C1E-4B82-B004-F38C7F8DF316,5299.0,-19.0,4968,-16,4650,-18
7AB2F1C8-AA72-4498-A220-456C300CE1E8,4891.0,12.0,4792,11,5200,10
71764A3F-9036-415C-8FF2-C6D2F981A85D,4922.0,6.0,5912,14,6250,16
38E14F98-D2FF-4B7F-998B-1619F1D32520,4541.0,13.0,4528,11,4300,12
5A4F9463-56FA-4DC1-803E-8BB33A3BE50F,5474.0,17.0,5756,20,5850,21
2D0CF0CD-750F-47CA-BAA6-D139F4E61585,4978.0,11.0,4512,8,6385,13
CEB5971C-9CC3-4A2D-95D3-67359CB3CCD6,3686.0,9.0,4016,13,2900,9
011BC8DD-C0AF-473F-AF09-0EB1A58710F5,5319.0,17.0,5196,18,5508,17
1BA971CE-5385-4AC5-AB43-1A313F6B5771,5379.0,11.0,4320,9,4250,16
33AD823E-0A32-4B87-A742-699B81F80B00,4765.0,3.0,4592,6,4882,3
A5049626-8689-4541-BF2C-3C14F31B26CC,4871.0,32.0,4400,16,4850,23
D1533E45-61FD-45AD-9957-22DCCA27F3EE,5232.0,4.0,3834,8,4150,8
F9AE3C4A-9A49-4180-AEC8-A8E069DB87D2,5495.0,11.0,4984,5,5945,4
22638A5F-FE36-475E-96FF-FAA4F2274CBA,5220.0,-17.0,4040,-22,4500,-7
0D26D905-5A57-41E1-AF10-5D1988C65356,5227.0,27.0,4820,21,5050,27
DB7F321B-091C-4058-82F5-D9D457247F97,3413.0,5.0,3574,5,3200,9
1A744506-E760-41BB-A9BF-E98C2CDBE0FD,5200.0,-12.0,4840,-15,5100,-7
172615A5-0CD5-4729-BC0A-641DF1710D7A,7155.0,23.0,4384,12,5395,17
BB8EF399-3D56-48C9-A45B-E3F3B1F44C40,5256.0,11.0,3604,2,4150,2
8B119E2F-F4BB-43C8-A7A0-392C42CEDA9D,5256.0,11.0,4292,-1,4500,8
25A8AD4C-1E53-4DDD-BE20-4E0DDE7366BA,4336.0,0.0,6576,15,6082,13
FBF1A9DE-03D3-47D7-9FEA-F4962EF1C465,5713.0,4.0,4156,2,5000,10
98AE46F5-BF6E-44CC-826A-13623D9F46D5,4934.0,7.0,4716,15,4808,4
D6DEABE9-5266-4094-B924-2D96C3DFEF5F,5559.0,11.0,5444,5,5850,11
D81F916D-A395-42CF-B780-654825E16CAF,4408.0,14.0,3738,0,3950,0
96961ED5-380D-4B48-9A0C-AFC8AE0C0A7C,4662.0,-8.0,4008,-18,4600,-12
2BDA5E78-F108-40D5-9FE4-7904FA78386B,4933.0,11.0,4312,9,5100,14
E040195A-642D-4B1E-B4EC-D538337FF332,4679.0,18.0,4396,15,4900,25
400DE6CE-E559-4D7C-A940-C5ED29493CA3,6588.0,8.0,5956,3,6123,10
60924C66-BE65-4089-A00A-CCD4DB9F881A,5579.0,20.0,5864,18,5750,14
417FCA98-4E29-42E6-B1EA-8B783A30774D,4882.0,24.0,5152,9,5295,11
429DF405-B13A-4381-897A-6FEDA7EDAC07,5646.0,7.0,4496,8,4250,8
23B2F13D-CFB7-401C-A312-F4BC5F21FB0F,7597.0,1.0,3748,6,4350,5
499027D2-66D7-48FD-ABE4-B4AD2DD9BF23,4983.0,6.0,5132,-5,5000,3
F1884E27-32A8-4663-A758-FD3380DDCDE1,5453.0,17.0,4440,8,4450,0
D877EB6A-7AD9-41AF-B948-CA5E757E2215,5306.0,-12.0,5576,-16,5683,-15
898B96EF-8513-4875-BB05-A9B148C76EEE,4321.0,10.0,4520,11,4700,0
DB202171-E7FA-4810-B26A-6F04CB7BC889,7597.0,1.0,4488,3,4683,8
91729382-140E-4344-A7B7-11A5DFFD196D,6942.0,2.0,3620,12,4050,7
5FB2B44C-A48E-4F61-ADB3-0F0708C39D29,4541.0,13.0,3892,9,4250,16
7DB2CD6A-77E5-44FD-95A4-19B528D29233,7597.0,1.0,7168,15,6460,19
FF4DB693-28E0-4EF3-A865-677DA4652471,4169.0,20.0,3266,9,3750,13
3D384E23-E87D-45DC-A6BF-CC4BF2FD62B5,6482.0,22.0,5380,8,5632,14
37BDF50B-A250-45C2-A68F-B949D064E2FA,5379.0,11.0,4840,11,4854,15
D7E7234B-6071-44DD-A773-4AE33DB52991,5258.0,9.0,3774,1,3950,2
F0071809-CAC2-4497-8EE1-7CD35E561EA9,4679.0,18.0,4070,25,4950,22
A078FBC4-1233-4CF6-9922-E7E6D194AD00,4716.0,6.0,4948,14,5320,7
62EB9037-E742-42EE-8272-629997606F31,6414.0,10.0,4916,-3,5050,6
1707A515-D481-420F-88C0-A4B614335CBA,5990.0,6.0,5152,9,5100,5
989FDAD5-C9D9-414D-9F90-4F7EB02EEAEB,5544.0,7.0,5812,12,6400,15
67B2EAE2-0684-4927-ABD2-58611C6C52BF,4730.0,18.0,3838,6,4750,13
6F187C10-BA9E-43A0-9A89-007FFC9447F4,5713.0,4.0,5068,-8,5320,-7
0E527472-E14B-424A-AC51-938F7988AE84,4765.0,23.0,4288,10,4350,13
0EF9ACBC-8FC0-4F47-81BC-532CFCCE2041,4984.0,12.0,5108,7,5050,9
F1AA3FA7-55CB-4B04-994F-F69FB26BA137,5713.0,4.0,4920,2,5232,8
6891A72A-B11F-4425-AC69-733B58AB6315,6317.0,4.0,4552,5,4750,4
D65E49E8-DBC9-4730-87DC-BFF065A1EED8,4325.0,-3.0,5604,4,5140,5
88FDBBAB-052A-43F4-B0AD-2889D8E8910B,4080.0,6.0,2810,8,3600,9
1889ED8F-CEEC-4BA1-A57D-21405635E77A,5256.0,11.0,5776,0,5633,9
3B51707E-8064-4855-86F9-091BE2229DCD,4583.0,10.0,4228,4,4400,7
E18147A1-5C3E-42B1-91BC-FE1C7DD3C8EB,6241.0,10.0,7264,15,6900,16
41056329-43D9-4459-966C-B02CD4DC74C9,4541.0,13.0,4916,9,5332,20
669F6B97-C7C1-4B5C-A0AD-F69B3CE9D92D,5407.0,24.0,5556,13,5700,17
1262D289-2552-449C-9F44-C70E67051DBC,4679.0,18.0,4272,12,4500,21
BFDBFBFA-B101-4F69-ABD6-62C79A15661C,3776.0,18.0,1907,5,2650,5
52580595-87F0-4A54-9E73-6AF46836674A,5016.0,11.0,4500,14,5100,10
AACAB6FC-BF1A-4B05-83A6-0972E57C323A,3863.0,23.0,2742,3,3150,8
0032C640-EC4F-49AF-ADBE-46A230C78D2C,4762.0,19.0,3812,2,4150,0
50504B77-B872-46E0-B7D6-DD294A5C9791,5354.0,-3.0,5216,5,5450,6
1D3BB0AA-0261-42F5-80EF-700338859D07,5623.0,10.0,5196,10,5250,11
8223319C-E53C-4DC3-8F12-839F5F59B2E5,5496.0,6.0,5088,16,5100,15
9E5C84B3-A8A7-4A38-A89B-47D465977B9D,4679.0,18.0,4820,20,5250,20
5615DC9D-D4A1-4470-8202-4813EB53E8B4,4275.0,-20.0,3444,-11,3950,-18
F02F3851-222C-400E-A23B-BEF16661A0B9,4938.0,12.0,4460,17,4900,18
51F5F28F-2621-40B8-8C82-D0A36A91BAB6,5650.0,11.0,3958,6,3900,14
1BB52FFB-E5F3-49F9-A7FA-9C26498D8632,4489.0,8.0,4540,2,4600,1
E2C931A6-BE52-4B2F-A887-E3E11B696549,4624.0,-2.0,4792,-1,4907,-3
152FD96C-161B-49CA-8E5D-BB645CB634B2,5256.0,11.0,4672,7,5150,4
73F17016-756C-4240-9E18-E09AAF145608,5329.0,12.0,5348,2,5250,7
D6A36BC5-CE1E-4922-8F43-14D1C88722A9,4914.0,10.0,5104,-1,5521,0
B5270502-1969-4F51-BEC0-94A93E4CA125,5771.0,10.0,3386,1,4450,9
9E5C9CD6-4C15-4261-A4BE-0C4D6AEF288E,5990.0,6.0,4796,16,5100,17
D06E3230-8142-4693-BDE6-C381C289DBAB,5046.0,13.0,4952,7,5300,11
543B0DB2-7D44-4137-B35A-72F7791DF772,4532.0,8.0,4034,7,4250,8
410B0CE5-F221-4505-BBB0-CC9517E432D2,4445.0,19.0,4752,12,5300,16
4BAA8628-8D0D-4CD5-9A68-6B5D7E816661,4973.0,7.0,4864,-6,5032,1
3C21ECC0-C1DF-4A50-B831-B303B641C762,5231.0,21.0,5880,4,6395,11
D49F2076-CC81-442C-A7E7-84DE1EDEC3A3,5713.0,4.0,5072,0,5000,6
A8537C41-E3EB-484F-B633-5E2AE446151A,5990.0,6.0,5372,10,5500,10
A257C2EE-0A58-47BF-B7C3-9FAF4879D85B,5641.0,3.0,4332,8,4600,8
1CC8E7EC-9B6F-4238-ACE7-769076969ADD,5794.0,6.0,5252,9,5632,15
F18BBADD-3914-49CD-8DAD-4515B000E1F8,5925.0,9.0,5204,4,5950,17
7ED3FA07-80BD-47F5-800C-E4E4C7864C23,5256.0,11.0,4792,5,5332,8
6CACC0C6-866F-4DBC-A7CC-8E6D694FB616,5713.0,4.0,4284,2,5100,11
4EB23911-1655-4BD0-83D0-2223796201E8,4891.0,7.0,5132,1,5519,3
FD009E82-242E-4D26-88F7-2C007F8B5239,5494.0,6.0,5792,-9,6173,-3
4A36DBE1-CFD9-4273-B4F5-1D78CA7C3FC1,6317.0,4.0,4052,10,4400,12
1970CCDD-D41E-4BCC-B0EA-1B06E9F8290C,7043.0,7.0,8028,6,8045,4
F0D81C99-C980-4631-ADBF-E902DC8A52AF,4839.0,14.0,5008,14,5582,20
6E30A06E-9DCE-4B36-8698-B1F39D1A990E,5984.0,5.0,5184,-5,5400,-4
91B8212B-9B2F-4E0D-BE12-8D26B75DCECA,5379.0,11.0,4616,3,5050,7
D8D3E1C1-80BB-424E-AAC4-91C4BE543055,5239.0,22.0,4400,12,4350,6
908574CB-3706-494F-A56B-1924EA47C87F,5220.0,-17.0,4036,-1,4400,0
54288856-F58E-44E3-8111-1A059418A953,5267.0,24.0,6208,5,6254,9
A600C126-154C-445C-ABE2-4093D51797DB,5768.0,23.0,5404,14,5482,11
384558DD-9021-4726-9290-D1134AD47448,5240.0,11.0,3828,3,4000,-1
141ADE54-C427-470B-91CC-960674D1F38B,4172.0,8.0,3750,12,3750,4
B397837A-460C-4C22-9931-473C4E7194E4,4956.0,-6.0,4094,-14,4800,-5
225F271F-DEAC-4525-AD4F-4C958CFBF0D3,5256.0,11.0,4972,18,4950,23
C4D73C03-3C95-466B-932C-9F49E959A6E5,5440.0,7.0,4848,4,5182,10
CB26D4BC-6246-4580-929F-9CA7BDC9D9C8,5699.0,6.0,5748,3,5419,6
EB72E6F9-3AD4-464F-8023-AC0BBD11BBD1,2503.0,15.0,1761,-6,2050,-1
82468D8F-326F-411B-B099-30601B2BE77F,5875.0,13.0,7652,13,7850,12
B7FD08D3-F5CA-4624-B744-D62AE86D8AE8,5182.0,12.0,4980,4,4950,11
7B095C09-1C96-40AE-8BDF-D3C152327072,5918.0,5.0,6612,10,6404,6
6218BA14-7CC3-4F05-BCA2-8A4B515381BA,5379.0,11.0,4452,5,5450,5
34E11651-38A7-476C-B656-944087A1EB6A,5422.0,24.0,7852,2,7595,6
6373D3E0-B64B-40FE-8384-1EA526B37FA6,4803.0,14.0,4596,10,4800,14
1D3A4D74-1C07-4367-98B2-8B9371413415,5251.0,11.0,6132,7,6398,7
FE083E7C-E01B-4C55-B9DE-1B6CD106CCB7,4861.0,-1.0,3554,7,3900,7
256D9D39-D7EB-4565-B243-777C9E9D6E4A,4795.0,13.0,4020,5,3850,2
D4A2FF9C-6B5A-41FE-806C-4E30638DE012,5893.0,32.0,3994,8,5500,24
3E1D5ED7-4051-4A34-8D0E-2252793C546F,4529.0,-6.0,4288,-6,4350,-12
CA0C16A9-DE51-4525-88EE-B3B2AB7FC9E2,6317.0,4.0,3978,1,4550,6
97A0FD54-9BCF-4299-90EE-5F374E525EC9,5451.0,11.0,5176,10,5250,6
E6BD1B60-85B4-4D3F-A001-CB83CACB5E8A,4848.0,2.0,4760,8,4850,1
29ACB2FA-58BF-455D-9D6F-E92B83B08525,6317.0,4.0,4628,5,4970,9
18C137BC-0B36-4E32-B794-3DD91D4AF5C7,5496.0,6.0,4164,9,4550,14
F8FD204A-2A85-417C-87FA-7C89546097FD,4967.0,16.0,4144,6,4750,9
D97CFEC6-2A7E-447B-A691-369B4E3BF238,4652.0,-1.0,5316,-2,5446,4
09CDE6E6-A3D4-4D99-BA18-28289A0EFF32,5991.0,6.0,6076,6,5896,11
1BEDCF00-E3D1-41AA-B3DD-6D79F4CD0095,5256.0,11.0,4304,0,4400,3
04376365-4F70-4BF0-BE11-213C2649F989,5409.0,2.0,4132,-1,4850,3
98E90F02-0562-4B5C-BF51-02CB5606AE84,5996.0,3.0,3874,5,4300,-4
209B42E7-ABD8-49FB-A3E0-747DFC9F8EB7,4515.0,26.0,5160,22,5582,24
B22A48B3-1084-4BBD-B909-2430EF1F5D18,5191.0,17.0,4576,15,4950,16
31DFBEB3-223E-4159-BDA5-545F9C6E2077,4679.0,18.0,4496,16,5100,20
10BC18EE-1AC0-488C-B09F-F141BD54FAD1,4989.0,20.0,3780,8,4450,25
A8045B93-0950-4CD7-84AE-8E4AF9C04894,5775.0,23.0,4712,12,6175,27
8BC68CBF-617D-4542-99D0-4FDDB2946141,5101.0,7.0,4176,5,4982,11
E5640B54-A94C-4D69-8CBE-E58537F354DA,5983.0,1.0,3586,2,4550,-5
EF345FA4-7F17-4F57-BEA6-06A6D5E189EE,5446.0,16.0,5736,14,5800,15
29A521A0-7D30-4A88-BC6A-7DF1CADB2DF7,3206.0,12.0,2076,6,2550,6
3D37E5F5-2C6E-42B1-A68A-AEE2220C51E6,3049.0,3.0,2376,3,2850,8
8FBFAB60-6F05-4FAE-824A-13AFCD8831DB,5872.0,-5.0,6164,-1,6500,5
41AEB771-A5EC-4041-828C-5DA19E66C40F,5330.0,8.0,4752,-5,5200,5
7F5C49DB-A9C8-4725-B7DF-5A8E677BCCC6,5990.0,6.0,5160,12,5350,15
A20E2CE9-F4E4-40CE-802A-93D2672A7016,6317.0,4.0,3784,6,4200,4
7228B0EC-1EE0-48AF-BEC1-5ADFDC9B8D5B,6317.0,4.0,4872,1,4650,6
EF3ACCF3-CD23-40A4-B841-ED0EC7D0DCBF,6595.0,13.0,4640,3,5400,5
1BD2E244-E3B3-4795-8E75-37B08477A12C,4606.0,0.0,4708,0,5000,5
5462C1CA-CDB9-4BE3-8CD7-04FED06FF086,6619.0,25.0,5444,10,6050,22
2718BF63-F75E-497A-B049-D64AB2CE38B9,5087.0,16.0,4948,10,5082,11
0DAEB501-4D2C-4E6B-A996-95B3566DAF54,5002.0,-12.0,3996,-11,4550,-12
AA025810-2341-4D85-86F5-11B3B3F918BC,5251.0,16.0,5072,9,5057,12
F484565E-A39B-4440-862C-AB847CDFB3F0,5523.0,15.0,3308,-6,4950,9
921175A6-7664-454A-B0A9-CB9AA9CAB800,4031.0,10.0,3606,12,3550,12
56A7A02B-21C6-4E58-B6F0-6D60FAB260F2,6965.0,19.0,5912,5,6035,6
80141564-947E-485C-96C3-D2CE94E933FC,4795.0,13.0,4308,-3,4850,5
8DECABCD-FAB2-40BF-9EDD-BB6F07C9062F,4679.0,18.0,4632,19,4850,20
4F605DBA-F759-45AE-9190-CCFAC2295A4C,4598.0,9.0,4124,-2,4657,1
815534A1-8EA4-42FE-B62F-05B84F14C2C5,3923.0,10.0,3338,9,3252,6
CCF01871-F8CC-404D-B102-7B05AEC5DCEE,3338.0,9.0,1992,-4,2900,-4
80090FE0-951A-4336-99E4-2023C2FA3B98,6454.0,6.0,5880,11,5441,5
0683D3F9-7715-4692-BBB5-F250C1AE201F,6457.0,4.0,5736,4,6069,-1
D4500496-879E-4CDA-9153-AE309934563E,5912.0,11.0,4996,1,5450,8
2FB33114-56A9-47DE-AB5E-F18F22115427,5300.0,18.0,4548,16,5050,18
C4A69085-B269-48B6-9976-6BEE876A6DF1,6457.0,11.0,5260,-2,5700,1
BCBA77DB-9945-4608-B7D9-8D61F6E15293,5168.0,15.0,5552,15,5700,19
2DB76960-03A0-4A84-925F-5ABBAE280A03,6317.0,4.0,4332,8,4500,8
6233C585-EC65-4C56-98E9-F39547C143F7,4703.0,8.0,5960,4,5795,6
2D72FB81-FA78-43AC-A6EB-AF6C696AD31C,5496.0,6.0,5312,15,5400,20
E0B657E2-9C5A-45DD-A121-FC38255501F6,5390.0,25.0,5712,21,5800,19
E9E2BA98-698A-43A4-BA48-6053A3F46862,4068.0,10.0,2824,3,3450,5
E2C91547-CF2C-40BF-81B2-5C85572863CF,5171.0,14.0,4556,3,4632,3
22948A58-EC45-46D8-B9E3-00A3E37535DE,4447.0,9.0,4046,6,4050,11
70738C00-D828-4003-A38F-116F946C18BB,5410.0,5.0,6784,16,6775,25
DB68856A-E571-4B58-A243-604C78A442A2,5074.0,9.0,4220,16,4600,12
9346EB70-1215-43C7-8078-60021CEE7F93,4731.0,10.0,3906,11,4400,12
1D6ABE04-2D4E-49F4-83E6-CDC553816645,5990.0,6.0,4684,7,4900,7
97D2CCB1-9972-42C3-B4B4-488B4ECA0FF8,5394.0,20.0,8232,2,6635,11
4E032FA8-A645-4908-B48B-5341B1DA59AC,6317.0,4.0,4400,3,4350,-4
84167367-A0ED-4D72-A0BC-341B32942E28,5657.0,25.0,5660,22,6200,22
D5B982DA-7F13-4BF4-AF01-BCA92D38AB61,5354.0,-3.0,4728,-11,5000,-5
7F3BBF9A-8703-417D-8FC2-809374CCC50B,5279.0,11.0,4696,3,5000,4
32485CC4-3FD1-4EAC-9F4A-0AD81781C6E4,3367.0,11.0,3576,15,3300,19
EB3BEF68-EC26-401E-A0A9-67270E60F2B2,3497.0,12.0,2310,0,2700,6
DD744546-C262-401A-AB15-504997B76129,3783.0,-1.0,4014,-4,3950,-6
42561D86-EDB5-4547-B137-638C50584A8F,6317.0,4.0,4560,-1,5100,5
3178E6F4-4EEF-4880-B989-FA95BB2FCD10,4679.0,18.0,4472,10,4600,20
0DBDF5F3-535E-4779-81C5-B5FDC84C7865,4541.0,13.0,4788,19,5232,19
4418A6D6-FBFF-41AD-81F4-F7E189C8257F,6726.0,4.0,7340,-5,6674,3
03B8F165-3ED6-4F2E-8673-6B90523763BB,3463.0,11.0,1874,-1,2500,-1
A0243D02-C039-41DA-B6C8-092FC63317A7,5325.0,8.0,4184,1,4250,4
80E76A5D-64C8-4833-B6B0-C21019D55911,7341.0,27.0,10000,17,8770,11
23BE25F1-1BA9-45FB-A72A-71BF4F82653A,5795.0,8.0,4840,4,5482,4
F26A3399-AD14-419F-89C5-01AE364D0867,7597.0,1.0,5560,7,5832,4
3A5C17BA-6DA3-461C-8EC8-08D48E0EFD53,3050.0,5.0,1678,-5,2700,4
AAA2C9CF-4263-4E91-AD7C-DCFB21F9B685,5713.0,4.0,4920,-1,5000,6
B4295536-A488-4D4D-B991-7C3D4A826618,7597.0,1.0,4756,8,4832,10
62702DE2-79CD-4450-8A5F-996FD590258B,5496.0,6.0,4772,12,5100,15
E182B903-0EFC-43F6-B76F-187FA0CF5D72,3329.0,5.0,1943,4,2650,0
207611F2-3E61-4F1D-8FBB-69A55E9BF6A7,7105.0,15.0,5708,12,6500,21
61EC73EC-0794-4B49-9710-91082E185265,4505.0,14.0,2924,-1,3850,-4
C190E26D-C620-4B6F-924F-E54085F5D2B4,4960.0,5.0,4764,8,4858,8
225651C5-75F2-4B2C-BA95-28402EE9CD1C,3574.0,9.0,3364,10,3450,6
508504B4-404A-4118-A969-DD4B0F0399BE,5381.0,3.0,5156,-14,4750,-7
F886826B-CD68-4398-BDCA-671472BF01A7,6167.0,23.0,5816,1,5984,17
3D33AC2B-3B84-4FFB-9861-D5B5A719964E,5256.0,11.0,4584,1,4500,6
37DD078C-0B85-42A5-9136-C3FCFCDDDACE,3298.0,24.0,1500,6,2650,11
FC1BE506-F6BF-4775-A56B-E0D979B911C4,6150.0,23.0,4620,15,5407,15
E3652430-6BC3-42C2-82E8-EE6EDF8592FA,4443.0,-4.0,3864,-6,4050,-5
F44063F2-B8F0-4280-82D2-80CBB3B97F8E,5617.0,21.0,8264,8,8145,10
C0DFED9E-EC33-4F68-B50E-0CCC3341D81A,6942.0,2.0,4848,7,5200,6
B53CFFDE-B53D-491B-A4E2-7C2CEA6F0FDD,5549.0,6.0,5236,12,5400,9
19FAD6C0-846F-4567-A0E8-BF61FF18FF32,3844.0,25.0,2514,-3,3750,9
29D2CDC2-05DD-4F33-BE1A-B4BD41B6A22F,5726.0,8.0,4560,8,4858,14
9617071C-541B-4657-8F9A-5389C9F65DD0,4865.0,0.0,4152,-17,4300,-1
54B71F45-5875-47BE-8758-F6F0CC5C9258,6942.0,2.0,5724,12,5850,13
6FDE52C9-479F-44A2-8649-7D338FFAE79F,4708.0,8.0,4432,1,5032,0
3BCFE1DB-B907-44ED-AEA9-6F4452AE7FAC,5230.0,-2.0,4256,9,4658,10
9965EB38-465C-40D1-BDDD-95E8DCD118DB,4159.0,25.0,3852,13,3240,12
FE28F294-811B-4EF6-8459-2E1FB9071F27,7597.0,1.0,4672,12,4708,10
D3210285-F200-43F2-A3BB-E4842297A689,5587.0,7.0,10000,18,9378,20
7B1A3314-F24D-48AD-AB0C-9C8F01ABFE14,5248.0,11.0,4732,-5,5200,-6
3123F90E-38D9-4F39-826B-154C6AE34E67,5601.0,23.0,5024,8,5200,10
B0145070-F95D-4F61-B191-721D3F943629,5713.0,4.0,4336,-12,5170,-6
0E79DA40-4ED8-4F5F-8548-7D337FD6DEC7,3786.0,14.0,2260,2,2750,5
E26343BE-E608-4312-B706-B99E26ED24FD,5525.0,8.0,5068,4,5150,2
D3F05807-2554-4052-8C89-84503EA4337F,6317.0,5.0,8432,8,7273,5
EBC5062D-FCC5-4AFF-B01F-49A668010459,5715.0,22.0,4208,14,4050,14
D009A861-2DE7-4A7A-89CC-CC425C371E6C,5240.0,36.0,6952,3,6232,5
68AE91F3-497B-499B-BDE1-5CC1064EDA87,5126.0,2.0,4062,1,4550,-6
5902E05F-2420-49DD-A5D5-1CAD10AB978A,3628.0,4.0,2398,2,2750,1
28B35DB1-6B02-4325-AD7A-55E755C80857,5746.0,6.0,5480,6,6108,6
BF5A18D4-F9FD-439A-82F3-99B38399738B,5850.0,13.0,5472,3,5800,2
0BE018E9-E6B6-4F34-B851-34B0A9F15C78,6747.0,19.0,6796,16,7100,8
3F26707F-044A-48B7-B45B-9F4D7DB98A92,7576.0,16.0,10000,16,9150,6
93F5EC20-1E0B-4647-A56A-1C9F1A51AC98,5134.0,11.0,3606,7,3850,3
C1016974-343F-42F4-BA4C-4DEB7CF33FB1,4679.0,18.0,4516,17,4800,20
D277DD76-FC05-4501-B807-4A8070DDE728,4606.0,3.0,4432,0,4750,4
DE27EFF6-A06A-4CD0-99F9-381C18D24253,4407.0,2.0,4640,0,4650,2
31BD5966-0050-4150-9EEC-FF048DA0DEDD,5615.0,6.0,5168,17,5998,11
2899A27F-25AF-4208-BBC9-B5D5E5FB6D45,5077.0,26.0,4552,18,4650,25
6339F73E-CF18-4EB7-9850-4016862C4BDE,7125.0,15.0,5092,18,5700,17
A849CFC2-F954-4DA8-B123-7C8DD66A9B7A,4631.0,0.0,4808,5,4700,16
56DA9579-B63D-4080-A49E-A838E521804E,5786.0,6.0,5116,5,5532,4
34ECCB6D-B027-4B31-AC38-F6A1FEC05B31,5882.0,9.0,5820,9,6400,11
F6BFCC0B-CC94-43A0-8D72-6588D96E4E46,4677.0,14.0,5416,11,5582,20
5FF22C04-5F37-4D63-BDA3-894A0892D909,5256.0,11.0,4672,13,5182,4
E850A9A4-211A-4086-84DC-4B08CB122D07,4876.0,18.0,4080,2,5000,10
18EBA02E-3B93-42D7-90E3-CB280F957058,5778.0,4.0,4208,7,4200,2
42449606-3AC7-4532-846F-663AC9791C06,5500.0,8.0,4716,12,5200,13
79B20BE9-4568-4847-AF60-DD03DF4FA927,6185.0,5.0,6276,-14,5659,1
F7B09D97-C5D3-4730-BD58-B0D85B55B407,4122.0,24.0,4212,9,3950,9
6A283036-08B9-4F86-80FD-EC3AA95DAEFD,3307.0,7.0,3308,0,2900,12
15EF2730-3833-4074-A4D5-4A6FDEE789F3,5533.0,3.0,5240,11,4650,4
CE603267-8FA3-4316-8FDB-3F4921AE298C,4818.0,3.0,3672,-18,4400,-10
9382D2BA-4C53-4B79-AD5D-D76CF99ACEC5,4932.0,1.0,5116,-3,5372,-6
C7E8E3AA-BE56-493C-85C6-D826D1F36850,5256.0,11.0,3686,12,3800,2
3995E45B-5732-4C98-9B3E-7E041F182345,4679.0,18.0,4508,15,4550,25
E4580972-96BE-4654-9236-E0059206B6F7,5698.0,12.0,4856,6,5150,13
AFE7A0E9-E3C9-4273-815E-EAB7929132CA,5531.0,6.0,5192,6,5519,3
2876F669-3D88-4893-BB81-6AD9AC27092D,5185.0,1.0,3980,6,4300,0
BB897070-222A-45E0-B7B1-AAC53F35EF9A,4349.0,19.0,3924,11,4082,8
5BC60E26-D31D-433C-9202-1524D1B88B67,5500.0,12.0,7928,5,6700,19
47E32B4C-6565-4AD5-BE3B-61FAEC56EA59,4911.0,5.0,4240,16,4850,8
9F3EB53B-3955-4CDB-AC65-78A9E026FED2,5905.0,14.0,5756,-4,5500,4
F17218BB-6981-4ABA-8A35-CA27EE454905,5379.0,11.0,4688,8,4450,10
030BBB41-94BF-499F-A3B1-40404D58499C,5087.0,14.0,4296,4,4600,15
D6338632-69DA-4DAB-B791-363C28CEC190,4679.0,18.0,4006,24,4850,23
C0C559C6-AD84-4105-AE06-B6F429EA72D6,7086.0,18.0,4188,10,4600,20
9EC90CD3-6E57-48F1-8FDC-80212DA197A2,5379.0,11.0,4740,8,5050,11
5B9AAEA7-CFCE-47F5-AF8E-9ED49FFCC99F,8059.0,16.0,9416,4,7585,8
95742C16-FE7E-4EE3-BA87-87D8C8169CAD,5352.0,7.0,5084,12,5982,16
B3E60D2D-52F0-4AD2-83CC-CCDF4450F9B9,4989.0,23.0,4396,11,4550,20
5188A962-1A06-48BE-A454-27B0A7C9230A,5354.0,-3.0,4124,-3,4700,-5
FC998AC9-0466-493A-8B9C-82859CDE4889,5272.0,3.0,4428,-4,4719,-4
544E7341-766B-4366-9B95-7B3B77B23BEF,5366.0,17.0,5840,25,5900,21
46AA172B-F982-4F98-807C-2EEE59FA2F9E,3046.0,12.0,2184,14,2700,6
AC8E1476-F901-4C55-89DF-0116AA662F17,6892.0,11.0,10000,38,12454,29
B71F8DFE-8A31-4AE2-A615-8C993DA04839,3934.0,-2.0,2972,-5,4300,1
97CFE35D-D669-4E94-9FAA-AD4F59F11489,5379.0,11.0,4364,3,4608,3
9289480F-8911-490E-86C8-C485C2FC02EB,7597.0,1.0,4520,9,4900,7
2BEB0BE3-1663-4465-8B24-A3D6583BA868,6942.0,2.0,4456,-6,4500,-3
F5E0CBC1-6EB7-45E3-96B9-79F2B12187EE,5287.0,11.0,5248,12,5182,17
85C144EA-3DDA-4E37-9250-6B266BD23F20,4970.0,14.0,4372,11,4850,18
BA32BFF8-7CAA-4EE7-B63C-59CED6E2B716,6365.0,11.0,5792,5,6250,9
29EDE2D5-5598-4655-A640-34FAB2E03D09,4494.0,-2.0,5420,6,4650,-2
EBE377E4-CA64-44CB-BC68-9BD583391854,5422.0,-1.0,4132,-7,4500,-10
1886813D-C227-4C52-9E87-D770F6C1205F,5187.0,20.0,4464,8,4650,3
8E310FF0-F536-4205-AC44-1406640E1903,7597.0,1.0,4972,7,4950,20
E142ECED-AB71-4653-8A35-2B85700E7E5D,5218.0,23.0,2656,8,2950,6
34F89604-A575-45E3-9F1A-43E1AB641529,3121.0,12.0,2000,-3,2600,-3
878394AA-8516-4C16-B37C-9CA27D2D220B,5990.0,6.0,4664,18,5100,19
4900965C-D25A-41E6-91A0-723790E56F2A,4377.0,9.0,4086,11,4255,12
76E58BCE-3A4A-40F5-BCFB-383CC631DD5D,5752.0,11.0,3968,8,4650,16
ADE91144-B4BA-48CC-B886-CEA5FC025F53,5315.0,18.0,5704,13,7445,8
D94B1825-EBCB-476D-9040-462FBE598B4A,5496.0,6.0,3696,12,4150,12
B409A9F3-4449-4FE8-87E9-ED9AE1E7C0F9,7597.0,1.0,5112,22,5200,19
5AD97A19-DF59-4E35-AF90-BFB7EF6AAD1B,6317.0,4.0,3632,-2,3850,1
5A510096-CFC2-4B24-952F-EA4BCD1BDE1D,4277.0,14.0,3674,6,4050,13
48A6FC35-056D-4B27-8234-E3489E50761B,5256.0,11.0,3436,4,3750,19
78B5DB83-E3B8-4B24-8CCA-EDA9728198E9,5860.0,10.0,4896,14,6000,15
53B80D1C-F8EB-4C26-9B11-0B5A4973778D,2806.0,15.0,3208,2,2600,5
DEC6DE90-45A8-4AF7-8420-1E221BA87F0B,5256.0,11.0,4840,13,5132,16
018ABE9F-16FE-46B8-9D09-79F6FA595F9F,4886.0,13.0,4300,26,4300,19
A01C76A1-F943-4CD1-B34B-119A282B9E09,4847.0,11.0,5172,15,5873,17
19B87970-9280-4ABD-8EED-BE1B34E4B4E1,4677.0,18.0,4720,10,5000,30
9702B89A-D4AB-4D27-A75C-922F7F4FFF73,6317.0,4.0,3572,2,3900,4
E032E700-430B-45C3-8D0A-2D2AD1BA79E3,5379.0,11.0,4884,15,5279,8
A06BB206-3B59-4F30-8A9E-96B7EACDCDEC,5417.0,18.0,5880,20,5900,21
7C857E0F-5D27-448D-A836-74B0D44D1A6F,5256.0,11.0,4828,8,4800,10
11B7ACD3-913F-4F9F-8226-DD802A1E2381,3395.0,-14.0,2536,-3,3200,-2
2A73619F-1751-4E67-A18C-B4435386749A,5713.0,4.0,4956,2,5432,6
1FEDBBC4-4992-45CD-ABB8-52EC8B6C8218,5641.0,23.0,4100,10,4450,14
514C1310-CD1A-4687-83E7-E8AAB3D54A76,6942.0,2.0,3926,20,3850,24
94A0B5D9-971A-4DD5-8CD9-117CF46C908A,4258.0,37.0,2968,16,3850,33
53D6F277-1D55-4910-902A-D4B2A4292380,6763.0,16.0,5124,11,5250,9
BD226CDF-4F46-4D73-BF61-2EB7192986E4,6417.0,2.0,4824,13,5050,8
631D6C7A-9CDA-4223-8564-EFCAC577EE82,4785.0,7.0,4564,1,5000,9
B068E026-8F0A-4634-B17D-6AC8B36D5B74,4551.0,-7.0,2756,-19,4300,-10
C679CB8B-DD1E-44F8-AD64-BC640E552C22,7597.0,1.0,4344,3,4733,11
9034A6BD-49B9-4D9D-B7CF-27C6F325D18A,5588.0,1.0,6328,8,5290,7
292BFE5E-1747-4EC4-9008-DEFF33188600,6030.0,4.0,5368,-9,6000,-9
D3D982F8-D9EC-470E-9673-7A10B62B5149,5248.0,11.0,5048,-2,5600,3
98AE128C-85AE-4C60-90A2-6F2457837A17,5681.0,7.0,5296,6,5432,14
6F91B7B6-846B-46C4-B557-BB2CF39186E2,5595.0,11.0,7216,15,7425,19
B366AB23-AF94-4E1A-B199-7B7EA250A308,4956.0,-6.0,3982,7,4500,-6
51441199-2587-4136-9565-B2D043AA3265,5256.0,11.0,4600,-5,5457,6
E22BB001-F9F1-48C9-BD7B-71ECE2982485,6942.0,2.0,4664,2,5050,1
E9F3570B-D1FA-4CF9-9A9D-9581F1E349FE,4679.0,18.0,4328,10,4800,20
6BAC7660-1E51-4293-B96D-DAE379EBE928,5199.0,13.0,6144,12,5750,10
BC7B32C6-F7EE-4B7B-AA8D-5E40B547EB1B,4812.0,18.0,5552,13,5850,20
EB3DD71D-5BB3-493A-9FAA-617A805D436D,5425.0,4.0,5292,6,5300,8
A529706C-6FDD-4E91-93A3-35EB0BE2C8CB,4679.0,18.0,4014,13,4400,14
8A238E73-3750-4962-8011-D3EAAB91685C,5378.0,-10.0,4220,7,4500,-2
AF79B00B-7EBA-4F3F-B668-52C1CE9249BA,4102.0,-7.0,4208,-12,4300,-2
A7B777C5-5C20-4903-BAB3-CA4F9F4D4CFF,4541.0,13.0,3784,-4,4432,0
8398E325-FFBD-4FAA-AEB8-60817C89DC21,5455.0,18.0,5596,18,5900,21
97A3682C-DADA-48B4-B916-28761F105D01,5306.0,2.0,4828,8,5332,9
3F636216-D8C9-464F-924F-08AD2B9DECD4,4932.0,0.0,4648,4,4895,9
EC3F13ED-F9EE-44E8-A430-75A43397C68A,4465.0,6.0,3804,4,3750,-4
0D099909-0FFC-4E04-959F-09794511342D,7490.0,57.0,5052,6,7750,20
61B6611D-A841-40F0-BFF8-82A984EEC0B0,4541.0,13.0,4252,-1,4850,3
A83DEB5A-5D1C-4D5C-8B56-6CF6F1C1DF87,4656.0,11.0,5456,-1,4900,16
FEB6D9C0-0B0C-4ECF-888E-BC9D9240944E,5248.0,11.0,4956,0,4850,-1
DD1AF513-5849-414B-89F7-CD1BB8027874,4541.0,13.0,5000,12,5386,15
121342E9-8D71-4D27-81DD-58E65E935DBE,5273.0,17.0,5584,19,6100,16
73D48D49-5F72-4B17-8893-BE6B105E05D6,5382.0,25.0,5748,21,5847,27
18CE31E9-D8D7-463B-AC5B-0AF76CDB23F7,5320.0,-3.0,3642,-13,4500,-10
87D1937E-37DF-48AC-954A-27A296C000BB,5990.0,6.0,4078,-1,5200,10
5CDA7800-F4FD-4779-9968-9616A1EDF5CD,4165.0,6.0,3710,-8,4000,-1
D6BD9368-1634-4E38-BC37-232702766850,6779.0,11.0,4352,8,4550,7
5FC5E24F-DF43-4DFD-9953-38D1FEEA0B65,5496.0,6.0,4516,19,5050,22
9ABD56A7-A11B-4A14-BB2E-29E8C2447CDF,4494.0,0.0,3852,8,4250,11
E9655AC7-82BC-4A08-A07F-760D0974A6B1,5449.0,14.0,5604,9,5650,6
C2E6328E-0729-456F-89B0-E2EA8FF223EB,4257.0,13.0,3688,3,4500,1
7A36331E-16A0-4E8B-ACA1-08385ECB1B99,4552.0,59.0,3950,14,4050,37
2B1F7F05-41AE-434C-85DA-C0C1E4238B0C,6554.0,11.0,4832,7,4550,7
4C57CAE4-47E3-4A5B-B71F-F065C7F92FEE,5109.0,9.0,4936,12,5100,14
D545C0EE-34A6-4E55-8772-785763BF8FA5,6317.0,4.0,3816,4,3950,4
08506F40-9CA5-46D1-AB88-12C00318C9F5,5990.0,6.0,5400,16,6500,10
D7D8E54F-EF78-479B-B8CC-0E577247F8B8,5436.0,7.0,4396,10,4900,11
5B4A9FF4-BAEA-4FDA-A09D-2524B47037D2,5425.0,18.0,5620,20,5800,21
E07C3EF2-C2F3-4361-8BCD-A016EADB96BB,4882.0,13.0,4488,15,5058,17
B6B7F08E-83C8-4E22-8B00-4A1AA84E29BF,5505.0,7.0,4404,1,4921,6
E8614868-96BB-4435-8B7B-DEBB453CCF1C,4364.0,4.0,4752,9,5140,8
2EE5544A-844A-4C9D-A947-6DF3D6F9E83D,5981.0,12.0,5400,10,5100,9
37D11C2C-3597-46FB-B824-DCFCDECB56DD,5256.0,11.0,3360,15,3900,14
EC6069A0-239A-4EC3-BF03-B2E152E602A8,6317.0,4.0,3806,2,4550,-3
12003E40-5BC7-478D-B35E-729E4BE892C8,5334.0,7.0,5184,11,5458,15
5F697530-CAD1-419D-8724-37E5607D1AC2,5990.0,6.0,5116,16,5300,15
E54C94D3-A5AB-4416-A593-2014E80B45C3,4848.0,12.0,4644,8,5400,13
8D906C95-C5D2-4A87-B3E0-7A5BB34ECF20,5256.0,11.0,4296,3,4797,8
A8B0C164-E01C-4953-942B-93E355D43FCB,4200.0,46.0,3222,17,3850,37
EEA22A2D-21C1-4291-9D5C-FCBB1E58F91F,4556.0,6.0,4224,3,4600,5
93E113A3-4115-4A04-9E8B-974A6B4716B0,4613.0,6.0,4444,8,4658,4
9BCCE45F-F9B7-4BBC-A293-4E29EFAC3F31,4846.0,16.0,4260,13,3850,12
8467C11F-121F-4EAC-B1FE-9F30B1EB4402,5664.0,7.0,7164,12,7535,15
3B3B69C5-23FE-46AD-99D7-7DEE8320CDC2,5713.0,4.0,4732,10,4907,8
4DE52227-9FC8-44AC-A35E-61765871A091,5315.0,11.0,5628,9,5750,15
C6CD4F0B-C6E9-4C61-9173-D9687C31B90D,5379.0,11.0,4636,6,4885,13
383A6AE4-22C4-4942-8C32-1038BED3EF32,4412.0,20.0,4092,-3,3690,14
04C04468-8861-40F8-B21E-6D4825D32CE6,4679.0,18.0,4880,16,5050,20
1D6A1F14-DED9-4632-9B87-AA7BD08DDC88,5706.0,23.0,5972,25,6000,22
F7E9C54B-9050-4AAA-82C3-2C0210D751E5,5534.0,8.0,5620,11,5700,3
31CCB53E-D97F-466A-84B7-D130B6058896,6018.0,29.0,6000,21,6347,26
30205268-2987-4964-BBA2-75DBD76A4FA3,5251.0,14.0,5160,6,5332,13
669D0656-1931-4537-A103-1A6407656554,4665.0,12.0,4380,1,4632,9
9F8A453F-BDFC-4DEE-B36F-406ACD8E0A33,5204.0,12.0,4416,13,4550,13
BB60F345-3294-487B-8E8E-B1FA32C73F2E,6071.0,4.0,5244,5,5710,12
6A192263-6248-4672-B4CC-68F439DAA7FE,5486.0,18.0,5576,21,5800,21
01B3D780-5D22-4FAE-BD46-AD7C7D9A1ED5,5549.0,6.0,4816,-3,5273,3
1BC92DD6-F263-4642-A7B1-ACE4FEA16B6E,5713.0,4.0,5220,-8,5120,-6
7515D149-D2EE-4534-B501-32715C87727B,4679.0,18.0,4896,13,4800,15
D2A481D6-E8EA-42D9-980B-E9E168C57FAD,5990.0,6.0,4500,5,4950,5
3361B619-7DF3-4B28-A65B-7842819747AC,5072.0,3.0,5400,9,5000,1
597454FA-F2AF-4DFC-9373-0948D349E7CF,5390.0,25.0,5328,18,5800,19
6F656764-08E2-4509-B535-B7F2C445B1D9,4841.0,15.0,4304,14,4850,18
3CEBDD41-CF98-49CF-89E6-FAF576C8C6AE,5414.0,17.0,5748,20,6000,21
D4BC153E-F923-4555-B6A7-67A9C1FAF30B,5709.0,4.0,5068,10,5495,12
F85BACFF-CAEE-4C6B-A049-9F15D89731CB,5496.0,6.0,5332,15,5834,18
B50CA650-B565-4021-ADDF-A99DC9E19D6B,5102.0,-7.0,3742,-20,4250,-11
1887E153-F7D6-4DF0-AC58-23F22264B70E,4372.0,4.0,3714,8,3950,7
94A47B10-E4BF-4FD7-B314-1871B42BDAC0,5773.0,0.0,5532,-14,5587,-12
2B114F61-9408-40AE-9E7C-F7D41172D444,3934.0,15.0,3414,5,3400,5
2385CC97-BDBC-4B03-A7A7-1327EB1848E8,6942.0,2.0,4172,-11,4400,-4
DC2B896B-779E-47CF-97F1-A1A995CBC53B,5070.0,12.0,4344,-1,4550,3
D7541FFF-2D45-42A1-9C74-C7C9BEDC0F81,4071.0,9.0,3414,4,3500,3
9310985B-00CE-4455-B0FE-43B2E47191FA,4264.0,2.0,4180,-1,4550,1
FA56E015-9A8E-41B9-B629-F084ECA9206F,5248.0,11.0,5980,6,5019,13
BFC91319-697A-4C4B-A2CC-425A694D1F55,5496.0,6.0,5112,6,5400,20
99104EB5-0FD3-43AE-990E-0506DFD0AB6F,2578.0,8.0,1532,-3,2300,-2
C3510107-7C69-438A-9C0A-7A9BA7BE9530,5647.0,5.0,3968,6,4050,4
31B6FCC2-D652-40CC-ACE1-449EC7365E74,4055.0,16.0,3442,10,3750,6
D18FA2B9-2D78-410C-BBE0-3644DD4E63A7,5421.0,11.0,4588,9,5100,6
13ED875B-DA06-439C-9967-1019C97A93FD,3973.0,-11.0,3972,1,3850,-1
A6A8EE68-2601-4CA4-875C-0CA981DDA742,5258.0,11.0,5352,2,5673,5
F80D6C8E-97DC-42FF-A9DB-D88D931B3F7D,5208.0,14.0,4968,11,5250,11
D29EC1BA-4FF6-4FBB-ACBE-BF60A0F0E71A,4643.0,11.0,4716,1,4707,4
F8787C76-19A0-47F1-AED5-5F4F40985FFD,4353.0,16.0,2980,3,3550,3
BACD5AF4-F379-4007-9B41-56520CF5067D,5740.0,5.0,4256,-2,4250,-1
99005F29-A666-4A95-901F-16CE191F24FD,5470.0,5.0,3928,6,4150,8
1D1B6955-103D-4DB7-A499-02240CE1F55B,4950.0,6.0,5152,0,5282,-1
7BE2FAC7-052B-4B24-A156-E59DDEE34899,7597.0,1.0,4584,6,4683,8
551F72A1-DAC1-414E-B439-34F39960085D,5549.0,6.0,4504,0,5200,0
F8B981D2-F2B9-4B43-AE1B-119EB3676AEB,5588.0,-2.0,4356,-2,4950,4
8E461BD9-9428-495F-8A3B-5A775E8FBB60,5657.0,7.0,4352,12,4050,4
1DCE9CC2-9C94-4B4F-8147-6299B7254311,5202.0,7.0,5172,5,5408,10
DF5D20E5-C59F-4F8A-8287-254F52A03525,4963.0,9.0,5832,-5,6082,-1
1B64B9FA-E3E5-41D0-995E-1C555DF3F98B,5308.0,9.0,5152,14,5300,18
E82551DB-34EB-45AF-87A3-FEACFEF915A8,5362.0,6.0,4820,-1,6123,10
190D0C92-868C-4492-8934-2C2E407B11AA,5616.0,6.0,5272,8,5900,8
B5D9A26F-AA79-4EEC-861B-5AEA20BA800E,4149.0,18.0,3292,15,3800,13
8A4AFD2C-6371-4857-8D26-EA73740BB53A,4910.0,-3.0,4848,6,4900,1
3B97A77D-F4FA-437C-9ADF-E2018F95507B,5256.0,11.0,5980,4,5795,11
8BCA7B51-B90D-45F1-811C-3963DD354D89,5869.0,7.0,5288,3,5782,6
F0C6D504-F480-4182-9D66-F8E237FDE423,6971.0,6.0,8936,8,8150,2
A67F9519-0A11-4EBD-A7AA-D5D98110612F,5306.0,-3.0,5804,-4,5532,-3
49BBEB11-92F6-4CFA-B956-BD88208CAE96,5460.0,8.0,6476,9,6860,18
FBA53B33-BD4C-4641-A675-2B47F515FF7A,3192.0,13.0,2236,10,2500,9
260C1DEF-1AF9-4D38-B698-07452456C871,6794.0,22.0,5152,16,5282,15
1F8C7383-1597-439E-80DA-702C184703E5,6256.0,6.0,5736,19,5280,17
BA011511-8BAF-45CE-A64F-DB45B870F930,5120.0,3.0,4400,7,4350,8
626DB1D5-5548-45DA-A54C-5E3433202925,6942.0,2.0,3310,5,3000,10
26152C29-9907-43E7-9F3C-B272FF31CF56,6590.0,19.0,6704,14,5923,14
0578B42A-1BCF-4C57-8B54-91D0879FFDC1,6256.0,6.0,5376,20,4980,17
28616DDD-E0DF-40E3-A048-1968AE189855,7911.0,7.0,9384,-6,9170,3
FAB1BEE6-2696-47FD-A499-D09826A11353,6454.0,6.0,6100,-4,5700,-2
B3CC5A6C-E431-4398-A992-CBE18F82D58C,5162.0,13.0,5504,5,5532,0
8E673BC2-43F7-4CDC-A2CC-A44C362E8195,4719.0,-4.0,3732,-21,4300,-14
3D3B9D23-3FCF-456D-A83A-7C4BCE9CA690,5762.0,0.0,4552,9,4550,8
68DD4BFD-82BF-4E98-83E6-8D54E61DD1D7,5858.0,6.0,6040,16,6508,12
05B2B9C0-8B19-402C-8B1A-4875772E78AE,5256.0,11.0,4040,6,4700,10
0CA4B27C-B7C6-4A30-AC04-428A5074CA3E,4905.0,15.0,5528,11,4750,16
DF24D31F-DDF2-43F9-ACF8-53D9B15AD899,6347.0,34.0,10000,15,9200,18
D873959C-AF70-4B17-8D04-F2150C55F2A7,3940.0,-11.0,3632,10,3750,5
E8329881-D86B-4076-A92E-F75D60584EB8,5327.0,6.0,6488,8,5823,3
673A2E61-F470-4246-A8C9-787FB900333E,4693.0,7.0,3564,6,4400,15
7B7F724B-3671-4890-A790-F7E147C87806,5239.0,11.0,5528,19,5632,20
06B7BCF3-5118-4755-A013-4AB84CC3F50E,7597.0,1.0,5584,0,5637,6
7E9B7FF0-E940-471E-A88F-1DAEF5634290,6466.0,32.0,4200,-2,6073,13
DC532481-9E92-4834-98C4-05EF61CAA2CE,4680.0,12.0,5836,19,6250,23
18560A10-09C4-4C0E-BFAB-DD39BDA73A21,5713.0,4.0,4932,1,4900,8
CAB59148-0FA2-4F7D-861C-FA1092261B34,7597.0,1.0,4604,13,4800,17
7C7B6CFB-00C8-46C6-BBC6-01212C7B2738,4541.0,13.0,4372,7,5082,14
088787BE-B448-42B3-92FF-D0A5FAB1D9E3,4974.0,6.0,4636,13,4757,14
B000DC8D-9DED-4378-A85C-FE0E2993452D,5248.0,11.0,5528,-1,5107,-10
B4ACD684-BBFF-4229-96B8-38A02488178A,4118.0,-4.0,3116,5,3583,9
313E2159-A830-4D92-83C0-69C662979022,6787.0,22.0,5440,14,6111,21
3B9731AC-8220-4C4A-BBB6-51884005AB5E,7597.0,1.0,4764,9,4850,11
94285CB0-E1E1-4586-B151-AF56AD91B986,5569.0,12.0,5348,13,5500,15
DA4576F3-542F-4E72-BECF-C02699F4D32C,5713.0,4.0,5072,8,5345,8
BAF5CF5E-DB98-4702-B646-F9BF505BA775,4847.0,1.0,5464,12,5300,-1
1B37FFD2-338F-4F9A-816F-2031B339ED38,5342.0,17.0,5036,13,5350,9
13CE4A4C-233F-4553-982A-B599BF12498B,3668.0,13.0,3508,10,3750,19
BD3C3986-E67D-49E6-A90D-8C8407000228,4401.0,15.0,4232,5,4400,6
9FB89C60-9604-46E4-8AE0-6F2A62126C93,5423.0,12.0,4772,7,5200,11
8D803019-4E76-4742-B4DE-75A4FB1EFF1F,4788.0,6.0,4752,4,4982,1
EC436387-7418-47B3-95E1-366A5DB36DB2,6317.0,4.0,4284,5,4100,4
C0C3C7DA-B9AD-496E-9FD6-2BCB62050096,7597.0,1.0,4684,8,5100,11
770BB023-B22A-4A63-871F-2D06ED0165C0,4679.0,18.0,4760,26,5019,25
211F792C-735D-4CB2-99A2-21F5034ED18A,5412.0,16.0,5016,10,4850,18
6D472BAB-F696-425C-93DC-EAE891826D95,3182.0,13.0,2047,1,2700,13
DBD9FEA9-0F9B-448F-89A5-615A8404F290,7597.0,1.0,5104,13,5132,21
11C82AA3-B672-4AB5-8644-B537F58730D8,6454.0,6.0,5832,1,6000,3
30B29C82-A893-421C-8623-C446382BB770,6127.0,23.0,4816,-1,5934,17
58538697-508D-44CD-8176-6239C81C4D48,3886.0,8.0,2426,-9,3200,-4
8C7F29D1-6DBA-4B45-A138-444438C73DDD,3784.0,15.0,3370,11,3190,11
B70DA2EF-C7B9-445D-B48C-FB641EC8E12C,5248.0,11.0,5132,-6,5050,-8
76E7E3DE-D499-4EB5-B016-AB47AF2DC32B,5735.0,15.0,6640,-11,6771,-1
FB1AF069-3274-4BA6-A326-45760E551556,5719.0,6.0,7616,3,7073,3
E39DF5AF-BE45-4B8E-8BF0-36C2C70A1930,5093.0,11.0,4580,4,4900,10
82F346FD-C856-4F8E-A916-6BF5228475C4,4784.0,6.0,5728,2,5783,5
78F9C05C-A1E9-422C-84DA-EDE833886D30,5073.0,18.0,5916,-6,6495,5
0B18EF50-6F22-4191-A659-453D6146B1C1,5112.0,32.0,5560,11,5450,29
849A24B2-0023-4C81-8145-4F63D7F5BA5B,5300.0,11.0,5192,10,5582,9
A501F74B-8311-485D-BE1E-31532A71E951,4157.0,-3.0,4108,-4,4300,-3
D8C92416-F7B6-44BA-8C43-06E86A7A974B,4978.0,11.0,3022,4,3650,5
74DB71A5-AFDA-4F72-B58F-A6B309C4C36B,5147.0,-2.0,4460,-14,4500,-10
377F40DE-96A5-4C16-9D0B-85B3DA0E847E,5579.0,-5.0,5428,5,5583,5
01ADF361-95BE-4697-85EE-E132FA364F0A,5808.0,4.0,3726,8,4250,1
BCDA13CE-6368-4449-AD62-580B3E17B81A,4679.0,18.0,4932,15,5050,20
C8C00785-B12B-40DB-B115-28BD4BD98AA8,5354.0,-3.0,4476,-15,4600,-1
49FD94F2-72AF-4E90-9183-F0914A3B2B0B,5116.0,14.0,5044,7,5200,10
203F6996-64C9-411B-81F5-CF05B3A0B4C5,5256.0,11.0,4640,-1,5600,6
0352CE0F-21F5-4DD0-8FEA-A1F2B1C25A89,5774.0,5.0,4440,-7,4850,5
87226894-D6E5-4694-B7D2-19C7DABFA16C,4679.0,18.0,3842,12,4400,14
EAD5BDA8-4686-4472-B14F-279C4C51E31E,3432.0,10.0,1500,-8,2400,-2
E0739F22-7F12-4195-990D-BE02B6936CE8,5532.0,11.0,7040,10,6577,5
808E7457-6182-4825-A933-A6ECF2D4AD76,4895.0,11.0,4604,8,4500,8
9ACA65C3-C2BB-4364-BA93-02B3390971B4,3399.0,5.0,2712,16,3400,8
ED3AB5E8-7119-4BF5-8622-548291BA4EA7,5351.0,7.0,5456,-2,5632,12
5DF96469-D85C-4E9F-B0D4-653892E30B31,5980.0,4.0,4026,6,4600,3
88DE4E94-CDCC-4FCC-B689-E19B6AE1213D,4636.0,7.0,3608,9,4500,11
B8C400A8-ADBB-40ED-9E23-29BE132C0F13,6183.0,16.0,7592,6,6995,9
DD693E5E-17F2-4BF5-8ADD-9A07E8348E20,4795.0,13.0,4596,8,5200,4
81B823E3-9F0D-41FA-A11F-604031A07FA4,4847.0,15.0,4396,5,4500,17
5FF71ADC-9717-4E36-858D-AF0D5B21A2F5,4341.0,20.0,4200,4,4050,9
BF64E47D-F283-4DA5-882A-E35B9DA48BB4,6317.0,4.0,3680,4,3950,14
38BCD4C8-03E8-45DC-BB3E-39675BD01CFD,5400.0,23.0,4964,20,5050,25
7251380D-1E5C-4575-ADBB-C60F607B1B74,4952.0,16.0,3916,-10,4450,-5
8501049D-46A3-4943-A192-5472856AF54A,4732.0,11.0,5972,14,5924,19
28B35031-1454-4BAE-9366-95031A646D1A,6108.0,23.0,4992,6,5750,7
0EF80657-1AA2-42AB-854B-0BC6A49B27C7,4735.0,15.0,4484,9,4947,6
6E18EDCF-0493-41CB-B6BC-3C9870CF275D,4184.0,8.0,4572,9,4500,9
F5FEF74A-4683-4F21-95D2-67DB1AEBF8F9,5609.0,17.0,4058,13,5150,17
78600BAC-382A-4AD8-B652-797FCC28AE9E,6514.0,22.0,7044,12,6800,10
05DFC091-E1B6-4FFA-A890-3BEE33A73C24,4974.0,14.0,5072,15,4950,12
A4834425-7CD7-4CC0-B5A5-29E94B177A6E,4788.0,24.0,4320,9,4050,14
EBE6676B-BA7F-4BFC-88D9-4F7918101E49,5990.0,6.0,4972,10,5200,17
D81E8989-D406-4D87-9965-31C236907E05,5713.0,4.0,4908,5,5057,3
9B4B7CED-C81B-4713-B954-610E90B9CC59,4677.0,18.0,4820,13,5200,15
DD8C718D-E411-43B8-85C9-EDE3115923F0,5713.0,4.0,4796,6,5032,5
321BDA07-FD16-4A81-BB2D-90D0866A1513,4315.0,9.0,3052,2,3600,5
DA92DA91-1E88-4BBB-8A26-027BD9733167,5375.0,17.0,5600,16,5600,13
EAA64ED0-9D22-4F29-BFC4-129C110E8448,5256.0,11.0,3740,8,3750,16
36539B02-B03B-47BE-B766-F66DE31CB8F4,4679.0,18.0,4308,21,4900,18
109F1046-E39A-4F9B-B84A-DD04BC4897B6,5327.0,6.0,4752,11,5150,13
EEB7DA1E-7B0B-4FEC-A59D-FF9CFFEAE70C,5713.0,4.0,4264,10,4700,15
4B27BD66-3FA7-43BB-AFAC-99CB62E12B4E,6071.0,4.0,5672,6,6010,11
95116E46-4669-4223-9704-C1783B1F7E59,5638.0,0.0,6240,-4,8700,-8
497CFBEA-DB23-48EE-9A8C-15DE43110761,4795.0,13.0,4728,2,5250,4
990C5A49-FB72-4BA1-92CA-5821F763C66B,3517.0,5.0,3638,4,3500,10
D73C86DC-058F-438D-9E7D-E3760AA27935,5295.0,17.0,4488,3,4750,12
7AEBA64F-06E3-4A59-B7EB-A4BB8C9AE57F,5136.0,16.0,5308,14,5900,14
4E36DF44-85A7-4816-9EBA-3CD2D6691AE5,5713.0,4.0,4128,-1,4650,5
02D53578-C788-469B-8759-94AE32153073,5043.0,6.0,8656,16,8931,21
E3A878F6-FEB1-4D1B-946E-877C677090FD,5713.0,4.0,4588,-16,5195,-8
B603E71E-9823-4284-A6D8-1F70B149F3ED,7597.0,1.0,4596,4,4650,7
A8EC3CD5-08BA-4707-AFFB-ECD47D7D4430,4149.0,16.0,3304,4,3800,12
5D8F60A0-D03B-4B6C-8301-A165ED8EFFF8,3226.0,14.0,1887,6,2550,6
9C8BCB34-A5F6-4D88-97DA-A2B05E841C9A,5405.0,6.0,5576,10,5418,10
88749FD4-5FC3-44E0-9B6C-EAF3FE2B170B,6246.0,-1.0,6088,3,6648,4
2C15301E-D566-43DA-9228-39F6F4DB59CC,5657.0,25.0,5664,18,6200,22
07B4B74E-1D8F-4726-8FF2-D7707F94A0A4,4809.0,7.0,4252,-1,4882,10
52123E83-15CA-47E6-8A5A-24A1C7926FF3,5713.0,4.0,4300,12,4600,9
F1C000F9-7414-40F9-8773-5C9FF8B6B601,6414.0,10.0,4116,5,4150,0
AEE6A385-8B73-4D79-89E8-82E610B09AA5,5558.0,6.0,5080,7,5373,3
131B7A9D-3F9C-4463-BCEB-B67253032226,5883.0,7.0,10000,16,10908,19
D330EEC2-CCCB-4EE8-9263-40E7027A8074,4706.0,21.0,4464,6,4300,9
CB15FF22-5EAA-42DC-89D8-CA782FD6FD4E,5256.0,11.0,4664,14,4657,12
53D891D9-03CB-493D-A2DC-26A4C262289E,5195.0,6.0,5288,3,6023,10
78AEAE52-47D0-4CE8-A68D-EB5037893E55,3032.0,11.0,2450,-2,2830,1
B484B916-F230-4125-9F79-C9CD985983AE,3130.0,4.0,2260,1,2100,-1
77BD16E8-5DDE-43AA-A16B-9A50ADB55350,5719.0,22.0,3846,26,4300,13
563517BA-4F62-4E22-BB95-B6C1F4D53788,5051.0,6.0,4924,4,4908,7
A41D5B51-61E5-41F2-A7CA-90C633E54178,4394.0,11.0,4436,3,4750,12
644A78F5-9941-4DB4-B200-19E8CBF3104E,5833.0,5.0,5592,13,5190,-4
082AB218-5D3D-41BA-AD71-4F3C3EA7CCFE,5638.0,10.0,5824,14,5400,19
F90FF960-7020-4ABB-A8F6-81671044F38F,5600.0,-26.0,5952,4,6374,0
67E1498F-0FF5-447D-A5D6-EF7006909D24,4677.0,18.0,3104,10,3200,15
6EBFA84B-E7A2-47EB-A449-3D0FAEE1946B,4981.0,4.0,3728,-11,4150,-11
40C7B53D-CC18-4BA1-A984-2AAD5E2F81A6,5142.0,19.0,5804,17,5700,19
5BB7FE4F-DAAC-4B89-8FBE-6DD57F29803E,4966.0,7.0,5132,4,4650,12
DAADE806-9A93-4249-9BFB-9ACA2B0ABBCA,4679.0,18.0,4868,22,4932,22
C25B11CA-C060-4D67-970A-94608E04C4A7,5559.0,11.0,2976,6,2950,5
AD26BE1A-F176-4FD6-9252-2BB7B853BAC6,5360.0,13.0,5480,8,6100,12
35185F2C-47EE-4F7C-8D49-CC1EBD54B8F3,5248.0,11.0,4664,4,4945,5
AF26C1F3-8F79-46A0-B68B-2B10852D2395,5496.0,6.0,5580,9,5600,20
126305A3-4917-48C2-A57B-5DAA9773DEA3,6180.0,8.0,5508,-4,5200,-7
79D14831-37F1-47B0-B92C-4E2D3385CE2A,6071.0,4.0,5600,12,5358,14
23CD6EAF-077A-469D-8DCA-38FE6788D2B9,5195.0,11.0,4580,8,4950,16
9A44D2F9-9C27-4855-A517-D85F11B6E78E,4990.0,7.0,4440,6,4800,10
B3F3E0EE-8FC7-4988-904C-939EFCA5461E,5544.0,7.0,6540,18,7730,27
5CF3D7FB-72F8-482C-8DAA-298F42C22F5C,4679.0,18.0,4756,23,5350,20
71C0981E-0E8F-4779-96C4-3D9C4DF0234F,5504.0,6.0,5580,7,5458,8
B9B20F8A-CCC6-4BB0-9CB4-A05D53E71CC8,5287.0,15.0,4620,2,4832,-2
82CFC18C-7A7E-4098-AED6-7F556228DF38,5256.0,11.0,6784,12,8726,17
146B6C9A-0C8C-47B0-9355-A9D3D9D0A26E,6317.0,4.0,4772,9,4900,7
08958A69-1251-4469-A07C-14722B4198B8,7597.0,1.0,4444,13,4800,7
82624D7F-AF99-4368-9850-65BEB6C5EDE4,6109.0,-1.0,5132,-5,5600,-10
8F2E4462-D9A1-48CB-B5F8-9FF183D0934D,4803.0,12.0,5132,10,5150,10
EA4CEFF8-4D48-4448-9483-6BBAB1329694,4121.0,15.0,3962,9,4000,17
12309185-570B-4121-9B62-0CEAD8F94E65,5666.0,11.0,5404,6,5450,8
CCD1CC18-1FEC-40D6-BED3-96EE6E5F01DA,5287.0,11.0,3836,10,4400,0
25C8315B-83A9-46C8-B5A1-6499792A66FB,4779.0,-14.0,4984,3,5270,-2
F0CC096F-305F-42A3-8918-9E9816B14156,4679.0,18.0,3952,16,4900,22
8ED5F853-BB93-450A-B451-CBCFB6DC63E4,5084.0,5.0,5620,8,5835,8
395D523E-FE02-4101-BAEA-590445586C60,5446.0,16.0,5888,18,5800,15
1E646982-4067-432D-9EF2-00F088640CB4,6310.0,16.0,5692,21,6103,25
F9514B9A-A818-46CD-A610-24330EB0ABA8,5471.0,7.0,4996,7,5300,8
3710F0A0-BE82-42AF-A5D7-BF04070A113C,5178.0,25.0,5800,22,5750,23
271712CD-3554-4111-9A14-E601D052002D,3854.0,15.0,3720,3,3600,10
B79E06AF-F994-444A-97BF-D1BE686CA60F,4679.0,18.0,5004,10,4950,30
82F5921D-EBC0-4164-BD44-5A45D0787683,3999.0,-3.0,3864,8,3700,6
F36BB397-D161-4188-A733-095BAAB3884C,5670.0,7.0,5072,11,5100,14
A1130DDC-8C02-4E97-8386-7A2CBC428035,4710.0,6.0,4316,9,5000,14
180D44FD-572E-42D1-9690-5FD6D5B603C7,4541.0,13.0,4484,2,5050,3
829B7943-4797-4487-AE55-8FE7E57694A6,5256.0,11.0,5044,14,5060,13
43D45128-29F7-4E5F-B22A-15F3731E9841,5485.0,6.0,5240,3,5323,3
6204E9B8-F0FC-4E7E-874C-0D887480CD82,3837.0,8.0,3362,0,2850,3
95EFC98F-1DA0-45B4-8AAE-472256DBB363,6942.0,2.0,4980,3,5050,1
CA3DB265-4D70-47A3-9741-17B0E38A3195,4956.0,-6.0,4840,2,4750,-5
5940F862-2E2F-4285-B3BA-67A4D1AC045A,5990.0,6.0,5264,26,5050,33
CFD3071E-268F-4D51-B084-43C33B75638E,5512.0,14.0,4696,11,5200,20
831DF32F-E6AE-4E0E-8AB2-28A241693D3F,5299.0,-19.0,5020,-16,4932,-12
0C53C8FE-76E2-4727-9292-C74FE04FEB5C,5102.0,17.0,5084,6,5732,-9
5200A139-08B6-4E40-8596-C2FEFD228956,7597.0,1.0,4800,11,4682,10
19A87ECE-E46B-4BD5-BABD-63C058A23E8F,4593.0,11.0,4584,3,4700,5
A74964EF-0501-47F6-AE6E-EBA944030A72,4795.0,13.0,4288,3,4800,3
91D40E6A-F418-438D-8227-2EE4DF981DA5,5573.0,12.0,5580,2,5400,10
607E7E29-F0E9-4F5F-9833-F2D5EF9610B9,5496.0,6.0,4860,11,5050,14
20BA12B7-B721-4DBC-A624-8BF4DC5301F0,4820.0,-12.0,4660,-4,4750,5
D864B7C7-0B28-46E4-8E3A-A33253ECD53E,5224.0,11.0,6192,27,6400,29
8EF79324-B2BD-4CDA-9B4F-95C3736F8E5F,6395.0,4.0,5812,5,6057,8
59F805A1-94DA-4DC1-9A5C-3A794AFADA01,6078.0,22.0,3326,13,4250,14
1612ACF7-0DF5-4C22-98CF-8221B1810187,5346.0,9.0,4384,14,4650,16
5D0E34D6-36BB-4196-B2EE-82FF3A953815,4905.0,19.0,4908,7,4850,10
70AAD80D-4DDE-40B4-9286-F52C2AF95584,6108.0,23.0,7956,21,7650,30
15D0265B-1AEA-4DE1-9E91-B575C4DC9789,4856.0,18.0,4904,3,5645,6
F6F5FB8F-EAB2-4981-89B2-4E69E479DA14,5248.0,11.0,4700,-7,4650,-5
7F005206-FD32-4DDC-9410-C1447E3A14AE,4704.0,14.0,4528,3,4600,5
57A7D6BE-63EF-4259-8E38-3448DA0A0E06,4592.0,9.0,3884,13,3800,16
F6FC2BEA-F2A9-4286-B213-DA6DAA4ECB9D,5379.0,11.0,4140,17,4550,12
08EB184D-6CB7-40FB-BF85-2B2AED2DB0BD,4679.0,18.0,4760,24,4932,25
5A84FF14-F05E-44C9-8C8D-FA82F0DE28F5,5027.0,1.0,4156,-15,4650,-6
F2D7AED0-3733-450A-A71A-A134617F94AA,4274.0,9.0,4284,-7,4550,-5
D64F4732-106E-4058-8BBF-D8D56A18ECBB,4353.0,11.0,4540,7,4550,12
388D6592-B033-419D-BD8D-7F3A9A1C23CB,5511.0,8.0,7500,19,7473,19
4FF814BC-53B4-4191-9533-FFA6A8B9448B,5294.0,4.0,5372,10,6082,12
3117259C-89A4-4111-8FC7-9239FC2A7CD5,4433.0,17.0,3648,7,3800,12
FD07BE2F-653C-4FFB-B655-D7ECC1B8DF77,5176.0,13.0,5064,5,4882,2
F32269D9-9AA0-4312-ADEB-B6F1DA8E608F,5363.0,12.0,3152,3,3800,2
A22A9AE8-8A22-4463-A736-56A4BA10CAE2,4901.0,4.0,3308,5,5090,19
4556C4C0-F95F-4A74-B0C6-583CB105D62E,6258.0,5.0,5948,10,6069,-1
AC625F2C-BAC5-4694-8E1B-8E717E6EC98F,3851.0,9.0,2570,5,2852,4
633F7387-DDD0-4A74-9EA7-CC3AF33323E0,4529.0,-8.0,4992,0,4350,-11
BB9CE38D-E890-41ED-840C-404212AD90DB,5379.0,11.0,4592,4,4858,12
AA87846D-9078-4E79-82FA-D2D0C959F61B,7597.0,1.0,4564,11,5195,16
B8BB13DB-82C7-47A0-9064-87F6220A52AD,5287.0,8.0,4100,5,4758,5
3E3E75FB-812A-4926-9030-FA7E578DC7B0,3447.0,10.0,2408,10,2700,7
C0D2A933-F404-41A1-AF4C-191C55FF4151,4993.0,12.0,4708,8,4850,10
B7E7D128-D779-445F-8BD3-16878B3205FF,6317.0,4.0,2984,0,3350,-4
9AB3EF56-911F-4217-AC93-82865D97BADA,5527.0,-5.0,5180,-2,5382,0
7CDA519F-D030-4BCD-B4BC-166ED7FACCEE,5731.0,-7.0,5840,6,5833,5
2A112BFF-73DF-4CB3-8AF1-BBC473552300,6509.0,10.0,5664,1,6150,3
00887D5D-C4B0-4B6C-9212-B91D3CDDF397,5213.0,8.0,6236,9,5735,10
886565D2-9695-4E23-B134-E280D6961A01,4533.0,5.0,3862,-2,4450,-1
C6EB7796-1D7F-4991-9AE1-9418A0F71544,5980.0,4.0,4488,8,5000,6
FD60DA78-DD96-4386-ABCE-DD595167AA01,5671.0,-1.0,4860,1,5232,13
32B22671-D99B-415C-8282-A2E60DD0F713,6360.0,11.0,6864,10,6150,12
0340067C-054B-4416-B9A0-CCE1F0FADE03,5713.0,4.0,4816,8,5170,5
8AF83B78-FB1A-4C25-B165-0B8607A95D49,7068.0,8.0,7708,-2,6900,9
4C88A98D-5CEB-46BD-80DC-215658522274,4655.0,14.0,5068,9,5432,9
BF7AC2D4-66DA-4E46-9A1D-D7F08AACA26F,5220.0,-17.0,3840,-27,4500,-22
E15FE464-89C4-44E3-8CDF-46756C9DC096,6998.0,22.0,5912,6,5482,11
2F523407-EA06-4A45-AB9A-C59942D1544E,4502.0,19.0,3930,7,4400,17
D11ADFD2-1C13-4E03-9B12-66BFC9264F38,5381.0,15.0,4284,3,4500,10
832A4B92-E076-42E2-8FF2-F0A950E4F2C8,5714.0,16.0,5040,19,6150,17
304E77FA-C54B-40C3-91C3-0C0A1F8F4C98,4217.0,22.0,2910,10,4100,14
4E04C56E-7CD0-4D03-B8AA-589A78FF1877,6748.0,4.0,6744,-6,7058,2
77DB7D94-4356-46A9-91EF-1EAC55C77A89,5256.0,11.0,6036,-3,6671,14
9F540102-344A-44B6-A2D7-418EFE092D84,5304.0,8.0,6216,3,6667,9
3D331204-8D4B-4EDD-AC9F-7F78224E0B4D,6553.0,12.0,4192,0,4700,2
E54BA45D-DA89-45AD-851D-7FE68BFA1EC1,4158.0,10.0,3506,-3,4050,4
FEE53BAD-3436-4DFF-9687-E412E6B32C3A,4677.0,18.0,4364,10,5000,24
CCB7F255-70E2-41F5-9FB0-0C6A734904A2,6059.0,6.0,5472,-6,5600,-1
E3B8C77E-6616-4915-840E-50F12C9A9697,5240.0,11.0,3146,2,3850,-2
09312109-0983-4E9C-BD4F-2C75ABC39125,4681.0,-15.0,3232,-23,4350,-15
99502372-AAB7-4C93-9AF7-7510144EC529,5001.0,6.0,4972,9,5804,11
7AE4CD8E-5BE3-4141-B635-BCC6D8F04723,5248.0,11.0,4036,-16,5107,-10
8C25479C-61B7-4DBE-A9DB-A5341B3792C3,4924.0,-2.0,4280,0,4100,3
C62AB8E1-D702-47C8-B140-998DF5EEAA63,5349.0,23.0,4964,10,5100,15
9B58BBC1-C2B1-44A9-AB04-E2630301F4E6,4941.0,17.0,5272,10,5007,12
3BFF9078-ED56-4559-9C8B-978049948747,5430.0,-3.0,4604,1,5100,-2
BB888A18-B3DA-4646-8794-447BB75D892C,6070.0,-1.0,4572,-5,4900,4
6A07B958-DCD8-4233-8C01-6F1FB2398C8E,4679.0,18.0,4100,23,4950,22
DF0532A5-9EB8-4327-B63F-B9EB49D7354A,5256.0,11.0,5004,-1,5320,4
0AB06C8C-3BE3-4EA5-A1D9-25CC90D2FA46,6049.0,0.0,4720,11,4600,9
7ECE7E53-69E0-4A41-B7FA-6D36C19FD1A7,5539.0,9.0,6588,18,6908,21
24E8AB3D-BDE0-44E1-A220-1175924F7B8F,5670.0,8.0,6292,12,6860,16
73EB1E34-FAEE-48FA-8FAF-3B966BDC8B6C,5256.0,11.0,4120,12,4350,13
8836DCD9-9B8B-49CB-B6A2-A99E10335B5D,6454.0,6.0,4156,0,4000,2
DB275EED-BB57-45BC-B179-F99C14093BE2,4679.0,18.0,4288,10,4700,16
F5DEC3A5-A10E-42BC-804A-AEF3E040A563,5379.0,11.0,4928,1,4900,7
CF073F0C-D887-4CFE-8CD4-FD0A141A4946,5531.0,6.0,5528,-1,6423,5
59985E1B-D5AB-4135-A093-1F05C81596CD,4494.0,7.0,4640,8,4819,8
465BC633-C952-4547-8819-DB585F239DAB,7597.0,1.0,5084,12,5150,19
B0D2C6B7-F103-4513-B8C2-6F5D622C60ED,5136.0,39.0,5448,12,5400,21
DD4FBF4B-D4BF-429F-8C72-4B7C63EE3D23,5914.0,19.0,5480,14,5400,30
422C98CE-E122-467E-AFC7-2C1DF7DF97CA,5990.0,6.0,5008,10,5200,10
B795695E-680A-481F-A9A6-AC4F61022352,5496.0,6.0,5648,19,5684,19
33770BDF-3EB4-4C3D-B998-53503066485E,5342.0,8.0,6932,22,7730,27
CCBBE28F-A660-43E9-8AED-15A7D229FD5F,3688.0,14.0,2868,8,3400,7
41257708-54BE-4F9C-958E-37818F15059C,4411.0,9.0,3110,-4,3650,-6
284712EB-B766-4ADD-9657-D483001D7A83,5098.0,2.0,4300,2,4400,-2
9571DE30-16FA-45A1-AFE5-856FF8070197,4497.0,8.0,3572,-3,3950,7
BE291FE8-8CF5-4D6E-9988-C79FDF4DA000,5667.0,3.0,4228,10,4500,6
006E3128-5258-4A86-BBDB-3DDE844D7C95,5379.0,11.0,5064,3,5304,18
C48CD306-EA08-4FE2-ADCA-0BC7B1B401D6,6758.0,22.0,5264,11,5432,15
6F4525BA-23C1-49DB-9088-A0026500BC35,5440.0,4.0,4196,3,4200,2
195F498F-98AA-4D10-A3A9-6AB483A06387,5379.0,11.0,4812,15,5200,11
39C94C46-B3CD-4C69-996A-6DA35A334607,5014.0,10.0,5428,16,5232,19
65CA773A-9D0F-4D82-8693-D3FF09019682,4490.0,-3.0,3350,-2,4400,3
E8575D4E-D6F0-438B-A750-EF858065C335,4988.0,-2.0,4208,-19,4800,-10
D553D937-A9FF-42E2-BEFF-E545523927B7,5227.0,6.0,5016,9,5050,11
6B8F0180-7F35-4919-8955-A0D6447BBFB4,6423.0,23.0,5296,17,5950,16
13F1E084-EC98-46D3-9730-DEE31145723C,5990.0,6.0,4740,17,5100,26
3C912480-828B-46F4-879E-ECAB82049D0D,4718.0,17.0,5272,5,5100,11
5C7FF4DF-C705-4F53-A859-E5C6F7D91B52,4795.0,13.0,4776,7,5000,8
D41E79EF-D385-41E9-84FB-567DBA935EB8,5526.0,14.0,5580,18,5650,16
9D09E27C-D478-48D3-939C-AA8C8B932C9C,5738.0,14.0,3850,4,4000,11
36622970-AF1D-4B7D-82CE-F0B15C568B73,4963.0,24.0,5576,15,5950,21
B36E5B49-3B39-4201-992A-AC1164E583BF,4556.0,6.0,4656,3,4600,5
698F228E-AD9D-4B16-8ED1-35F157EC47C6,5942.0,7.0,5312,8,5545,5
A4BE95DC-AB13-47E3-BC34-8D7E0D6DB7CC,4645.0,-7.0,5084,-2,4550,-7
DD026FB1-69EC-40D4-A150-C26271D7AF2C,7086.0,18.0,4440,-2,5150,7
A4108226-D212-4390-8FD7-EFAA728D8CF4,4008.0,1.0,2814,-3,3500,-2
82235F2F-4CA4-48D8-A3C9-91AE08CF6FA5,6071.0,4.0,5516,17,5760,9
34AB6E24-E1A3-4C43-B814-2B2383FFBA73,5094.0,10.0,3802,6,4000,-1
6C1E3796-E943-4946-B519-A95E1CDF508F,4429.0,-19.0,4108,10,4350,4
66D88BFF-4ADB-44CC-959F-989FCE8EBBDD,5431.0,8.0,7840,12,7280,12
969BCFDD-1315-4C9B-BF6A-4BFC5659EC20,5990.0,6.0,5148,13,5250,17
F9B6EDF8-DFDF-4F02-8EA3-0DB749BFBB1C,5256.0,11.0,3474,1,4150,3
C5FF6780-4AD7-4320-91CC-2661756D032E,4681.0,16.0,4820,12,4950,13
9A1A2AC4-5F33-494E-B90E-D624099B1161,4720.0,-3.0,4428,-2,4900,5
5EA811BC-1F52-49EC-A0F2-E1889D7B420C,4676.0,30.0,4252,16,4100,14
FA6A47E2-A807-4ABF-B0AF-4F43D8B0DB29,4946.0,13.0,3980,18,5150,19
FE580072-81CA-4353-BAD9-58AB205EF494,5844.0,4.0,3940,-2,4150,2
9F2B8F46-F43B-40F1-9A02-46783FE84199,5735.0,8.0,6408,13,6860,16
24572D55-AD47-4B12-B6DA-F6AE3C24D1E7,4562.0,13.0,4644,16,4900,11
A8B7107B-4812-4DCD-82C3-5A310394C6C1,4679.0,18.0,4984,11,5050,20
0C8E2EA7-644C-4044-B481-1B232B28C75D,4507.0,-5.0,5768,5,4600,-3
D89C454E-5441-4925-8A96-0D15C2E501D8,2521.0,12.0,1719,1,2250,2
C03B1726-2093-4935-A8D3-F2AB7B9C281F,5352.0,14.0,5444,16,5600,13
372DF9E0-236C-45C9-9092-32DBE24DF5C8,6137.0,6.0,6280,-7,6635,-2
B964D54C-D82A-45E4-B80A-47D47E671B84,5029.0,15.0,4332,12,4558,10
F43ECB95-C877-4655-BAB5-6DB6860D9B64,5353.0,9.0,4892,-6,5432,4
A8095A2B-2E85-4877-BD2D-96F82490AF7C,4668.0,19.0,5108,15,5450,20
3B3DE23F-46D5-41B4-826B-D3537E414093,5490.0,24.0,3312,1,3500,-2
DABB5DF7-3F79-4F20-B476-14805CC174A9,4221.0,12.0,4452,17,4700,11
A856A76F-DDD5-4586-BEF6-43704676634D,4531.0,3.0,3356,-4,4000,0
1D95E0D4-9F6B-401E-ADA3-63823A1DB768,6070.0,22.0,3956,12,4100,14
5368FA8D-6C38-42FF-A7E2-12EC409EC000,2970.0,8.0,3596,4,3000,4
E3019135-18E9-474D-A0E9-3F3B5D20A610,6857.0,22.0,3676,7,4850,10
912F67EE-83B2-4D01-A771-1DF0EC607971,5890.0,2.0,4816,1,4750,5
E6F82F5E-E1B9-4672-811A-73AB0A935D76,5256.0,11.0,5556,6,5457,3
BB8E8D61-A5EA-4E87-B92D-6FFEEACBA257,5719.0,25.0,4752,15,5150,22
DB9516B4-0D66-443A-8C46-7B39CD844DD0,5379.0,11.0,2990,3,3850,5
FC092E02-FE35-4869-8D89-A8F01131CE9A,3226.0,14.0,2098,8,2550,7
3A3E8C4D-D960-4B5E-8097-673D509BD688,5385.0,2.0,5288,-2,6020,-2
B6F3C8D8-B374-4050-9759-CA3571ED68FA,4889.0,33.0,5216,16,5582,20
7A77B67E-615C-4310-9604-2F509C2DFED2,5354.0,-3.0,4772,-8,5150,-4
8201CE93-04B0-4AFF-B4AF-E245AD50A1BB,6942.0,2.0,5172,17,5700,15
2308A4D5-70D8-4268-92E6-4364DAFF5DEC,3669.0,12.0,4252,8,3800,19
A8531401-6B53-485B-8A0E-33C79BC585ED,5459.0,6.0,6600,6,6273,2
F11183C2-74AE-4367-9563-264E2F14A67E,4045.0,35.0,3782,9,3950,21
CEFDFE88-C860-4F25-A154-5767009A38F0,4679.0,18.0,4524,20,5100,23
A92EA3B0-B828-4B4B-9268-A416CBE23037,6005.0,17.0,5028,9,5450,12
E28CFA68-7F60-48E1-82A5-B146DB3F2AC1,4947.0,5.0,4704,6,4633,3
DE2CED85-2197-4C6E-B548-F70A872F76E8,4002.0,12.0,2778,8,3100,9
91CDE410-F37F-49DA-802C-AF07AAAC9119,5507.0,11.0,5292,7,5050,14
DC0BA80E-DB4B-49F4-ABCC-69E9AACB406D,5096.0,15.0,4744,3,5150,8
BA36CEF2-4BE3-4695-B738-B55F240F5428,5256.0,11.0,8084,15,7726,16
5F4528F5-D62A-4C69-9551-99FE4B881B9D,4677.0,18.0,5140,15,5220,14
B3E6A731-C067-4A04-9FAD-AB3C4DA95CF0,3228.0,18.0,3972,9,2850,7
87ADCF5A-CF2E-46C0-ACA0-4EFB188CE705,5265.0,25.0,5380,21,5550,15
6BE99373-919F-4E9F-9FF1-98A73AED13CA,5483.0,-20.0,4864,-17,4600,-16
42D60C69-F725-45C9-8971-54B7659BC077,7105.0,15.0,4864,3,5250,6
A23C03A8-7916-4939-BF4E-12939BEFE19A,4423.0,5.0,3384,3,4000,9
A291AB7B-833A-46D6-8BB6-98F289523065,5063.0,11.0,3428,8,3850,3
F54BBBFB-3ECD-4F7A-AE64-9F033D75B28D,4795.0,16.0,4616,12,4750,19
418A0F52-D711-481A-9BC7-873464D691E3,3936.0,1.0,4304,4,4690,-8
EE981372-DEA7-4AAE-86D2-5EF5F60D8C0F,5248.0,11.0,7552,0,7748,10
965527AE-0B33-4CCA-B59C-C7D079A89B13,6942.0,2.0,3606,11,3800,7
C68F5AA4-695D-4BFD-9AA7-7245EA5A8EA2,5256.0,11.0,3448,4,2800,-2
5128108D-7942-4936-ADEF-897D263DCD8D,3376.0,11.0,2822,5,2550,0
62ECB917-CF07-4835-B2E3-890ABF1B132E,2757.0,10.0,2152,-3,2550,-1
AE307449-128A-420C-BD9B-07EE88F40924,4888.0,25.0,5484,15,5732,14
ED5C158A-77D9-4693-BD42-ED93C2F76140,5019.0,8.0,5040,-2,4800,-8
377C6AE5-2469-43E6-BFCC-3C9E7CB596E7,5990.0,6.0,5336,13,5350,10
F538D191-2385-4673-A65A-3C516B429BAA,5256.0,11.0,5636,15,5232,7
F9CDFCC5-F5AF-4CD7-A193-313224872437,4298.0,19.0,3354,5,3750,7
06ABA709-6107-4F74-AF11-C4E581442650,5032.0,4.0,3572,4,4150,-8
23B9FD29-ADFD-4FD3-BDEF-7A6F12985A8B,6168.0,-5.0,5680,-4,5500,-3
A240443D-B09A-48EB-9E96-399733F71F3B,5980.0,4.0,4832,9,4900,6
E0F38E60-6576-415E-A19A-DA6F5D595846,5980.0,12.0,3584,11,4200,10
8A290FD8-C25B-4C76-871C-ADEE832A8CE8,4561.0,5.0,4788,-1,4882,3
E94354F2-883E-4E9D-B3A1-7132C21AF846,4677.0,18.0,5324,18,5270,15
84549B7D-298B-4E43-9961-549269887616,5256.0,11.0,3748,0,3550,4
AB413FAF-AB6C-4E69-B421-62A5EA965557,5727.0,12.0,6224,2,5733,2
D79534A3-0FE8-49F4-853A-32181C8B3618,6652.0,2.0,4476,6,5450,8
A0362F00-2F38-49E8-8BCD-B2FC62504B4F,4154.0,-4.0,3350,2,3700,-1
681EAABD-C8C6-4ED2-9E1A-25BC3A992A85,7597.0,1.0,4920,16,5182,12
EF524D4C-DD56-49EE-8ECE-B67293A232C3,5559.0,11.0,4660,5,4950,2
B70FCF77-DB18-4EBF-8E3A-D82F40DE6F7A,5016.0,11.0,4352,11,5050,10
0E6B2D91-7121-4F32-A73D-7157210E89CD,5086.0,7.0,8544,9,8185,11
DDF1DB01-D068-4740-BCE8-1EF1A27441BB,5279.0,5.0,5316,3,5400,4
97D6B2B6-8083-4782-B18A-A30A7F99D3E3,5248.0,11.0,5172,1,5810,1
8BF5D25B-4070-4556-A9AB-8E1D828FD647,5741.0,5.0,6088,6,6332,6
733FDD79-8736-4559-AA35-602C4AA99C30,5298.0,11.0,4504,-4,5108,4
00CBDDA2-B47F-4B8A-BA07-7901EDB2DBB3,5496.0,6.0,4620,12,5550,12
1DA002B4-B9C4-4A11-95BC-4509B19E6D13,6108.0,23.0,8048,28,7650,30
F525A932-81EE-434F-86AA-EF1F11C90C8E,4951.0,5.0,3626,1,4000,12
7A374E5E-80B9-4606-A3CD-82675F4FD32E,6942.0,2.0,4464,-3,4550,-6
DE041A43-CF9E-448F-9AFB-B230C660E00F,6317.0,4.0,2978,2,4200,5
E383EE92-B7A9-474E-9EF1-BA21C4998113,6256.0,6.0,5192,8,5500,12
8E06267F-B092-4CB6-929D-F2815B1B670A,4541.0,13.0,4572,12,4532,11
F3DE9CA5-B40D-4A58-B4B1-1AA68A078FD5,5990.0,6.0,4788,2,4950,6
184FF785-5370-494A-A0A4-22A068B210CC,4865.0,0.0,4100,0,4200,1
F50E49FC-970A-4386-85F3-43F8F1B23E1E,4952.0,24.0,3694,18,3750,13
0687331D-ACAB-4815-B00F-68FE90FA260D,6525.0,22.0,5124,10,5607,11
4A071285-0B1D-481C-8A43-4CD6ECC178A8,4795.0,13.0,3018,12,3700,-3
5E5E9376-BB61-4471-B719-D30D73037508,5800.0,-11.0,6460,-2,5833,5
EC0ACB7A-0F3A-4915-8D52-738503752C0F,5379.0,11.0,4704,7,5100,11
A403A152-472B-46C1-8AD1-B98C4A9DEC8C,5379.0,18.0,5640,17,5650,15
6A1C0F70-C20A-4D91-9A68-2C42C1EB6639,5043.0,6.0,3802,-2,3600,-7
D044FEF5-8624-49DD-825C-F56F039BA5B2,5502.0,10.0,5524,10,5650,13
E6751C91-0804-41B5-91AC-B8FD21D2DFF1,5065.0,-7.0,4508,-7,5007,-6
74F7A115-8989-4DF1-98FC-7ACEF7B80818,5770.0,4.0,3802,4,4050,4
788FEDE6-6081-4AAF-9DCB-3AB7AA28E037,6317.0,4.0,3920,6,3800,4
DBECBB11-33E5-4051-BCD2-72C257C489E8,5379.0,11.0,2462,-2,2850,-3
6D7B9D70-F3D8-4B10-9DED-21D87A58E778,4703.0,12.0,4016,13,4100,13
8D50F9D1-42D4-4004-843C-BC3760D7A654,5267.0,-4.0,4360,-5,4550,-11
2D57018D-3827-4ED6-9135-2CD148019B30,5989.0,4.0,4688,8,4750,8
AF87635B-B1F5-4CA7-98FE-82D4A255E01B,5256.0,11.0,2998,11,3700,9
A321EE72-0346-4451-89F8-4515AE7E1D8D,4679.0,18.0,3834,21,4450,19
F31E67A9-63C2-4E0A-A01D-791E4DD06559,6256.0,6.0,4972,0,4900,0
37E6DCC3-C1CA-4E1F-9121-0B135451E55A,5488.0,0.0,4760,13,5250,8
5BCCE12E-F124-4B97-B598-24B2701D896E,4767.0,6.0,4728,3,5977,-1
EE2DE6D2-3B6E-43FE-A7C5-2CC0C79ED6A6,5162.0,5.0,4764,7,5282,13
863EA32D-D257-4542-967B-429E4DFEBA99,4795.0,13.0,4848,15,4600,15
DA5FB462-4253-4893-9626-BF10FA7EC655,4032.0,-1.0,3326,8,3983,11
A65F2EC6-6039-4F09-84E8-E4C42B995391,5367.0,7.0,4948,7,5382,11
6F9B8232-8FAF-461D-84CE-462A52452673,4679.0,18.0,4488,21,4932,22
C8E09F31-74E5-4F49-A9A8-B65E7668FB9A,6317.0,4.0,4240,9,4650,9
14AE1A8C-AAC3-4DC5-B72F-1F3A8229B045,4690.0,21.0,5020,15,5450,19
D0445992-3651-49C4-B1F1-1311C4406021,5256.0,11.0,5028,5,4982,10
3A5A4492-70F6-4B4D-BBCA-37A47773AA7E,5248.0,11.0,5688,-5,5457,-4
305C92CB-3FC2-423D-9C99-B4A62A6AF477,6588.0,7.0,5584,1,5500,-2
21D0308C-0764-47A4-AF0C-F1B62A4C8921,5405.0,16.0,3884,9,5408,17
65F0081F-69DF-4740-8DCA-9268CEB890AC,4812.0,18.0,5600,13,5850,20
098BEF7E-FB05-4495-9DB6-803F28336EA9,5248.0,11.0,4996,3,5150,8
D97E1889-E75E-40C4-9D71-3103AE098716,4976.0,6.0,7992,13,12981,18
6ED28BD9-F1FF-4577-9EF2-F30C3D629766,5527.0,21.0,6100,24,6200,22
AE541C81-ED32-4F8A-B18B-D10921C81B86,7597.0,1.0,5312,6,5158,6
19A7CFFF-5349-4C46-9AA0-B8EAF851DC17,5295.0,-3.0,4082,-9,4500,-15
81FAC75F-AC3B-443B-B55D-5BB46C488F75,5367.0,17.0,5724,6,5550,8
30EF2507-679B-4D9D-A290-EE13F7B22F89,4029.0,8.0,3486,8,3900,19
73F5F7D9-68DB-4749-BE21-C70B91642D00,5450.0,3.0,4320,5,4450,4
FD3AF551-E602-4BCC-8373-2646F8B13756,6317.0,4.0,3632,0,3550,-1
06945BEF-19C9-40E8-9C9C-468394C0AA21,4724.0,10.0,5200,4,5546,11
926760AD-06F6-4EB4-9632-4D4BD6312E14,7597.0,1.0,4352,2,4733,9
25642F17-98B1-47D5-8A24-09CF6A342D54,7597.0,1.0,4712,15,5350,20
9957225E-438E-4AF3-8FA3-C861784533D7,4294.0,15.0,2980,14,3400,6
B618E8A7-A2C9-4CCC-A6C7-A9AFC0F588ED,6071.0,4.0,5528,11,5710,12
40ABBC9E-F7A5-4340-8800-C851AE538CC7,5880.0,4.0,6800,9,7482,11
386F234E-C4CC-462F-8021-3BB024F858EF,5062.0,12.0,4444,11,4800,12
04CE6C92-FB24-45C3-A7D8-9F4E724C3FD8,5427.0,17.0,5664,19,5800,21
09E9917C-435C-4F0C-855D-021E043FC933,4541.0,13.0,4388,3,4582,4
D3C232B6-2B3C-47C5-A92D-6B1DC686D8FA,3881.0,3.0,4080,8,3750,1
94E3724C-E59B-413E-8924-00D5332755FC,4730.0,15.0,4340,-4,5182,4
C047C73F-1B66-4396-8A18-BD0DEB24F475,4677.0,18.0,5528,25,5500,26
31A37C65-260C-4FA6-8E18-CF71A2AB44DE,6454.0,6.0,5352,5,5850,5
242E4A81-09F0-4C27-ABB6-844EAD206E94,5499.0,19.0,5728,23,6000,21
8EBD51DE-678D-43AF-B0A7-50D6367F5651,5256.0,11.0,5788,11,5885,5
FA4BAF2E-6557-4346-B3D7-ED5B8A42F361,5256.0,11.0,3238,-2,3950,-8
E4BE6D5C-795E-4695-8CD9-061C0332E6E1,4679.0,18.0,4372,21,4900,20
B6B95104-8BC3-403C-B403-FFAECC6D5E34,3322.0,29.0,3688,4,2750,14
33B4E14D-A133-43DF-B25A-324C483935AB,6317.0,4.0,4628,7,4550,6
1CE9962E-DC09-4E76-808F-919E7465561F,5496.0,6.0,5052,12,5250,10
267A45EC-D0BD-4984-9E5B-8EFCDDCA4577,5393.0,18.0,5548,19,5900,21
044401C7-2528-48CB-B7C4-55C922774B92,4978.0,11.0,3538,13,4500,33
038624A7-7503-4C00-8164-1026D0CAD464,4255.0,21.0,3736,4,4200,16
3736AE81-AC30-49CF-B333-7E16170A316A,4977.0,13.0,5512,19,5947,19
43E6348E-D6FF-4F33-8235-B31B5344BEC8,5181.0,18.0,3736,5,4050,14
65A660F3-C902-444B-877B-5AE2339BC075,6317.0,4.0,3492,4,4050,2
163A3F35-C2A2-4D54-8F31-EEA2C2175FB2,3428.0,5.0,1833,-1,2400,-5
B8812FC1-4F68-4E33-8F6F-BE975B52E37D,5256.0,11.0,4176,7,4350,8
FD2D4433-5F2E-488B-98FC-1FC3216940B9,5017.0,5.0,4672,7,5350,-1
C1DC97CB-E27B-4130-95EA-979CE72B36B5,5398.0,17.0,5856,8,5650,10
0BECDB33-374D-4681-8289-F4146289658A,3356.0,6.0,2134,-2,2700,9
4E295643-6B61-49DD-B15A-3A85CBD426A1,4679.0,18.0,4668,17,4800,20
C21E9991-FB2F-4C4D-B16F-BE8A474673DC,5980.0,4.0,4760,15,4850,18
B59E054E-F910-4F00-A719-723F8E942767,5256.0,11.0,4464,8,6550,2
5BDBEF17-98E0-4F05-A328-A988F853DA9C,3459.0,-5.0,2784,-17,3050,-11
5270CF9B-4AAB-406B-9335-EB15BB40AFE2,4848.0,19.0,4200,5,4650,12
A114BB64-E2EE-41D1-8428-3098E970CDE6,5953.0,8.0,3972,15,4450,12
4414520C-BEE5-410E-9D3E-7AC2DB854663,2619.0,20.0,1500,1,2250,5
84F73070-BCBB-46DE-A0E8-8F0401F13D2F,4829.0,11.0,4176,5,4750,7
7C2F0F23-8B36-4FE0-933E-364312DC50D3,5113.0,7.0,7892,12,7224,19
D1322B9D-068C-47B2-B062-A4BC0FD38CDC,5789.0,7.0,5436,0,5232,1
C45FF422-3B3E-46FE-85EB-8126E589062E,6267.0,5.0,6000,-19,5696,-6
3F3D4D95-A7F9-4B28-8B9B-032E413228EF,5256.0,11.0,8768,18,7726,16
94E5ED23-1EE7-447E-9134-52E40FE7F845,5810.0,9.0,5968,16,6150,12
47AE2565-FEE9-48B2-9637-8469D788C1C0,4857.0,21.0,4512,14,4850,16
D383C9D1-3191-4B6A-9617-12097575EEB4,6942.0,2.0,5372,17,5300,18
FDDD6947-4437-4850-AF50-EFA987286FC0,4887.0,5.0,4944,5,5200,5
9C355D8D-1220-4904-B2A1-32361CF62CF3,4350.0,13.0,4018,-1,4000,3
BE66DDFA-36DF-48E4-AB79-BBD02A7439C4,4423.0,24.0,3864,13,4400,22
5D70214A-9F6B-43B2-B35F-4E59DC50E720,4795.0,13.0,4508,16,4550,15
38CD0539-151F-402F-AC4C-CC9A03E818A2,5012.0,-3.0,3458,4,4050,11
880D180E-41A3-4EDC-A151-617B1F211C5A,4679.0,18.0,4232,12,5000,25
0485DE51-C726-4823-B86F-0B52541107C8,5991.0,6.0,6164,-13,6360,-3
4370C752-FA8F-4EC9-B4F3-8B0EA0722DFE,5379.0,11.0,4708,9,4658,13
43481058-C615-4893-81AB-673784CA9ADF,5990.0,6.0,4592,11,5000,10
BB4F46AA-4CA9-4B19-B783-807A98D7FCBE,5260.0,1.0,3706,6,4450,2
6753453E-91D9-444F-AA6E-DCE851CB48C7,4190.0,19.0,3238,9,3150,12
BA4611BE-1FAE-4948-8570-E37BA3B8887B,6942.0,2.0,4832,22,5500,16
DDCF7B26-3339-4FAF-8B76-CF92730F7C66,6274.0,5.0,10000,36,13904,30
AA145A88-94C3-4F83-B516-97BCACB72042,5592.0,1.0,4104,1,4100,1
F2095986-DC87-467D-B05F-0909FEE40295,3399.0,11.0,2240,3,3050,2
1A446C0A-1F91-47FE-AAE8-B36B3318A708,6381.0,17.0,9944,16,8331,21
E46E0B79-4DEA-40B8-A213-962BDF7397A3,5095.0,11.0,4604,12,4900,18
CA8160A4-B295-47B7-84C3-BDA7CAF1CCB4,5990.0,6.0,5148,18,5350,15
CA3B824B-4F40-4E6E-A6A3-52021BEC367A,6317.0,4.0,3628,2,3900,4
EE896E1C-C2D3-4FFB-B1BD-FF373B014937,3933.0,6.0,3596,-1,3733,7
A6DC3E48-EDF6-44C0-8507-D08A3CE2586A,5496.0,6.0,4804,5,5100,15
D5384503-A216-4177-A54B-1A98C0E8A473,5990.0,6.0,5152,9,5500,5
97E79DF4-C95D-44A1-902B-A1503F86B626,4389.0,9.0,3666,5,4000,15
7DF072AF-03BA-4A15-912D-B141BB02B601,5379.0,11.0,5328,15,5538,12
EF165F06-E4A9-4D49-9A34-B41D40D99B38,4396.0,9.0,3430,-9,4550,-8
0A14790F-9286-4592-BD14-EFE1B7A3079C,5568.0,6.0,4952,6,5473,3
135814E9-727F-4350-8D1D-99DE5DBC2020,5380.0,13.0,4800,7,5150,14
1D6EBB15-5A11-446B-A6D9-DC37AA9DB1A8,5505.0,7.0,4748,0,5182,8
B3B74855-943C-4D36-8116-B1CBA6B42425,4804.0,0.0,6056,5,5250,5
6866699A-0B3B-49F4-80C1-0F1678220E45,5776.0,4.0,4636,9,6050,18
1EC109FD-57BB-4A0D-A406-AB3D9245857F,5801.0,16.0,5312,14,5682,20
733E9F19-A922-4C27-884E-6A52ED1FE1CF,5471.0,17.0,5700,18,5800,21
C3843FA7-CBFE-4418-8336-C71CFE643D6C,3280.0,12.0,2778,-2,2900,3
AD455BF5-1A6F-4A81-BE11-F69412E0C1C2,3881.0,13.0,2314,3,3100,15
B6D50B4B-61BA-403D-A6A8-E65AA7668112,4795.0,13.0,3728,12,4400,17
DB5C557A-8729-4356-9DF0-38DD981859C7,6635.0,11.0,4640,8,4550,7
EE293679-5257-4A37-8527-F16E76DF94B7,5289.0,11.0,4068,4,4400,9
B18D6CA1-65C1-46B0-A7C0-95E89ACBD42D,4990.0,27.0,5020,20,5282,20
215E6CA6-27E7-4D40-B0F7-B7899C1F3CB4,3898.0,12.0,2698,-3,3450,2
1157D9A7-5B24-4B31-9427-0DDC171DB6C3,5256.0,11.0,2374,6,3200,10
686DBAAA-6B09-4353-B24A-922B9A3BF631,5256.0,11.0,4856,15,4895,11
76C6DD92-8909-4E8D-B284-1FCFFF2111B9,5034.0,0.0,4352,0,5282,4
15AC0F4A-73F4-4118-8D26-3449CC18329E,5713.0,4.0,4956,2,5300,6
634516CE-4E70-4085-953C-122B71402531,6942.0,2.0,5704,19,5700,17
85B87C87-333F-47E5-97B5-C06F82321E91,6942.0,2.0,3696,12,3950,8
424B1150-6249-4ACD-A305-061C06127364,5713.0,4.0,4260,13,4794,5
901610F0-DB42-41AD-AA79-211620AFC407,4679.0,18.0,4860,17,4850,15
1FAAA369-8D64-40A9-83D1-0AA872656937,6317.0,4.0,4548,0,4600,-5
67D7E1B4-C599-43A5-97A1-7F44FC091FDB,4155.0,4.0,3526,-1,4200,3
E32300A4-FCF1-4EF0-BF1F-D8421F9F5EF2,5021.0,28.0,4904,25,5000,30
5CE24A01-73E3-4B36-9FAF-72A3D9344957,6317.0,4.0,3606,1,3900,4
39014D57-6A04-4628-AAFD-3A24CD1AF095,7125.0,15.0,5780,20,5450,21
343861BC-EC82-4FA5-A008-B290C42452A1,4978.0,-6.0,3950,-22,4750,-13
01AB74C6-B875-4CCA-B9BE-6381861D5D98,4681.0,8.0,5832,10,5300,12
3EBAA30E-489C-4082-A166-AD19354705F0,7597.0,1.0,4016,16,5050,12
B8A14E4D-D66F-44B9-88BC-258B126A6438,6173.0,18.0,5708,12,5761,11
0B8B1E8E-4A12-4D0C-96C9-D2263B195AF3,4976.0,6.0,4800,13,5254,10
516C283D-7EF0-4ADC-9E18-5AD31EA6135D,4948.0,9.0,4860,19,5500,8
2165C0EE-224B-49AF-B426-B821724C721F,6165.0,23.0,6124,16,6261,12
58219E83-290E-4358-861C-D7CED9302A71,4195.0,5.0,3858,3,4200,1
D14010C4-CDDD-422D-801D-9B29AEAE3D6B,4523.0,10.0,3948,-2,4570,1
83170E5D-FC55-4C7B-B032-05F9C7744916,4658.0,-1.0,3978,2,4100,3
B2DB0993-CB71-4B22-92D9-28511331EEDE,4710.0,13.0,4472,-8,4750,0
952E0E0B-826D-4E3C-BE38-26DB689332FB,5229.0,-4.0,4564,6,5400,5
A32B9AE9-EDA3-498B-AF3C-D0322885AD30,4033.0,10.0,2576,0,3600,4
9658425A-BBB0-476F-86C8-08949B6AEC0E,5379.0,11.0,4034,13,4358,16
23AB4B3A-4517-4D4C-ACD0-F7917CED760E,4515.0,3.0,4916,4,4969,0
FCDDEDA9-4971-4355-8037-5A4DB9E60AE1,7089.0,18.0,5464,10,6017,19
52E676EC-9597-4932-A73F-9267E9C7BAA7,6317.0,4.0,3464,3,3650,-1
11462FAA-321C-45CE-A421-132F4397192F,4677.0,18.0,4460,2,4850,15
2CE77EDA-3718-4E73-9273-CC8A9CE8D619,3846.0,13.0,3098,-2,3800,7
93BB8E54-D4ED-403D-973C-D317C9A4A16B,4679.0,18.0,4432,21,5050,20
DC87DD18-1EED-4567-A174-760313C980D6,6603.0,22.0,5428,15,5700,22
FEAAEAA4-74E7-4E4A-BA0E-706716AB763C,4780.0,18.0,4048,2,4450,1
D87BD244-52E8-4394-BFE4-D771BFC9B71F,6759.0,29.0,8800,28,8300,24
7AEEC7F8-3FE5-42BC-B9D1-B18BE0A3EF2C,5222.0,22.0,5548,14,5700,19
63E351C2-D7B7-4D3E-B6FD-1446C4DD3E47,6317.0,4.0,4688,8,4650,6
F4563698-6F70-4140-BEEC-0C59F3F0D706,5280.0,17.0,4728,10,5150,12
664FDAD1-E5DF-432C-B082-A5DFE666BF7A,5713.0,4.0,5068,8,5000,6
A36B7F8B-43D3-435D-8F08-651A1033943D,5587.0,7.0,5108,4,5532,9
287527F0-C063-42CB-8C8D-6DB8805C1172,6108.0,23.0,5864,11,5450,25
DD67CA89-564D-44FA-81D5-42EE66D330CD,5990.0,6.0,5140,11,5250,14
FAC4225F-3098-4E62-A28E-668455987DF5,4541.0,13.0,4368,10,5032,14
510FC0A7-6827-4061-9100-D63364D16D13,5651.0,6.0,4972,0,5469,15
4CFD90E8-D87E-433F-8224-BA4C4C38B272,6317.0,4.0,4364,2,4400,7
ECD19B58-2C5D-40A7-8466-64362739533C,5720.0,6.0,5752,4,6123,10
62A49A45-911B-476B-AAE5-D783610B1155,5256.0,11.0,4544,7,4807,8
9D442532-8586-43F8-AF32-0EAB48276267,5496.0,6.0,5004,4,5300,15
1B9D485E-E3F1-4BEE-9921-33A3D691E0EC,6317.0,4.0,4176,-2,4400,-2
E67AA0AE-4EA3-4ED9-8DEA-5C6CBB9B808E,4679.0,18.0,5068,22,5500,22
A0F55096-2EE8-4B8A-A9B5-DD3D027F1EEF,4541.0,13.0,5664,21,5982,19
7D3EF052-A5C1-4D54-A8D0-67CD0336D6EA,6702.0,3.0,7052,-3,6900,-4
14986277-CDC0-4AC0-9F84-21C8D423582E,4273.0,15.0,3448,9,3750,18
9F736F01-284A-45DB-A6C2-16B341493693,4406.0,19.0,6476,26,6250,23
BCFADBA7-AFF5-4CE2-96C4-3111212EEF97,5248.0,11.0,6056,12,6110,13
2DDDA286-EA2B-4246-99E2-DAFDAE31FD1E,5194.0,25.0,5092,19,4950,24
3838109F-F98E-4BF7-9BC6-58219C8E4CC0,6000.0,7.0,5424,-7,5382,-11
670D83B0-2168-4D8E-B4BB-F49A17EC6AC0,6317.0,4.0,3528,14,4200,14
C4C25D37-1903-41C6-824C-90320AC9991A,4499.0,14.0,3354,4,3300,6
0984555E-A21C-4F97-922A-1432640ACF3C,5256.0,11.0,4144,-8,4400,4
A3DB8510-2881-4411-AD7B-0564E9CF42FD,6206.0,-1.0,4144,12,4700,13
B6C0EE04-1CBE-4754-87D7-5F35D260EA2E,5379.0,11.0,4008,14,4400,11
A89170D7-027D-4E86-A44F-A492EE003085,4928.0,9.0,3974,10,4582,9
8DB95DBA-5BCE-4F39-AF11-C080FDF7E18F,5993.0,26.0,4140,14,4400,15
A1569118-8BD4-4D83-A328-EBF63A5F82EC,4861.0,6.0,4936,14,5512,13
2820B6A8-18C7-4B1C-8E3D-AFBE9E2D6A2D,4679.0,18.0,4000,7,4800,10
A5EA2355-4204-4882-A3E8-3D72567C4760,5505.0,7.0,4388,4,4250,0
A8C6D665-512C-458D-8348-3D175A1F6271,5379.0,11.0,4568,-1,5308,8
FE47248C-0652-427B-900A-07E6EA09B121,4650.0,-1.0,4192,6,4600,8
CE1A0C65-A4DC-4582-A9EE-D7C49BB60987,3823.0,14.0,3320,7,3850,9
8FAA6C43-99DB-4FC8-8EC2-CCFB5AC7CC89,7131.0,37.0,9232,20,7945,11
6F16C088-B14A-4971-BAB9-6EF601EA9BF2,3743.0,-4.0,1924,-1,2850,-1
DEE55BEF-F92F-4BCE-8C47-4FD66CC19D3B,3941.0,-3.0,3732,-22,4117,-14
1FC7C467-D273-41F0-814D-948E5CC5C41F,5662.0,21.0,5040,24,4700,13
86DA635F-FBC2-42C6-ABD3-B49A3B6633B2,7597.0,1.0,4680,11,4758,9
47897353-865A-462D-B248-7DC94489F113,3579.0,12.0,2376,-7,2752,0
8F871257-B3B6-429A-BADC-6BD0F191D800,4486.0,1.0,3122,-2,3500,-2
7BC9880B-50F4-4B53-94F3-D74ABE149417,4070.0,3.0,2958,2,3650,5
DB43D7A6-C66D-4D47-B082-7B7E3A605CC2,7125.0,15.0,4808,11,5500,17
FAE61F8B-E38B-4150-9ED1-9C6DBF29220D,5625.0,12.0,3836,8,4350,11
D6B908BE-7890-48C3-8B9C-36F88F5CF0FD,5256.0,11.0,4872,0,5495,5
E56F9E5A-4A3E-4773-8E63-FC3677BB3237,5085.0,3.0,4484,11,5725,6
9DD6D36E-AF11-4F74-AD48-BEE367E13C65,4679.0,18.0,4724,13,4650,20
A99061E8-8E36-46FB-AF6B-F98E4C5561A1,4818.0,16.0,3710,3,3800,10
E05A62D3-86C6-4CC0-8E39-EDA71F1BAE60,4859.0,18.0,4504,7,5250,7
FFFAED67-0230-4A51-A7A3-A8ED6B8D6CA9,5256.0,11.0,5352,1,5170,2
F8FC7DCC-5BB1-4EE6-9A8F-F67B7D9A046E,3370.0,10.0,3228,11,3050,3
FD8AAC21-67EE-424F-83CF-78F8873409C4,5548.0,9.0,5128,-1,5582,6
C485AA07-0E2D-4E12-B263-EF47015D2CB2,5431.0,8.0,5028,11,5000,11
B33E072D-47BC-4229-BC4E-F0C5C42C0872,6454.0,6.0,5644,2,5550,-2
0F157AB9-B1FE-4320-8D01-7B298ACF8EF4,6317.0,4.0,3912,1,4200,5
859B5F74-27AA-4C09-B7B8-54C7BADA3D77,6407.0,11.0,4808,10,5200,16
D599A1CA-2CDD-4DAA-AC5F-0ED415D8F2C9,4679.0,18.0,5700,8,5050,20
0D242582-4B32-4CE5-925D-BEB04B41D70C,4679.0,18.0,4428,26,4850,28
E064CAB8-55ED-4057-BBBC-5A40955C1EA1,4954.0,18.0,5048,10,5240,2
6108422F-1974-466B-86C7-06FFF5C819EA,5350.0,-4.0,6000,-27,5550,-6
2BF921C3-53E4-4693-A224-F734370353B1,5248.0,11.0,6032,9,6460,13
7FD4DE87-CE3C-44A5-A3C7-D3B8CAD56073,4677.0,18.0,4740,17,5300,15
D47F4EFA-5173-4755-A1C4-78767EEB9011,4679.0,18.0,4752,22,4750,20
85C4833F-BEE6-4715-8E64-BBBBFD449606,4685.0,22.0,4908,13,5008,17
AFE3E0CE-0606-4FAA-BBE0-4ED0E1351A17,5713.0,4.0,4764,3,5345,14
90C9F27B-94D5-465C-9CE7-2C90ED6CCCD9,4507.0,24.0,5368,21,5632,24
0D4C33AA-06C9-4A8F-9179-DCF27B8F7D7B,5047.0,27.0,5260,18,5600,18
9A0F3E38-D379-40CF-9B9A-54636BA0557E,4266.0,27.0,4176,11,4450,23
5323F225-B010-4AC0-B65B-940E563C5D8D,5256.0,11.0,4664,10,4700,5
D3C999E2-CF02-4778-BDBA-8D03A2A65FE0,4806.0,-1.0,4252,-8,4600,-5
D53F5065-37B5-4EB8-9D7F-CECD22253D1F,5496.0,6.0,5208,6,5200,15
80D90043-C235-42BA-B8F7-06DFDB9AE685,5496.0,6.0,5052,11,5300,20
03DF3A26-6F28-425F-AA5B-2B9EF4B8F5E3,4814.0,0.0,3946,3,4200,9
35920363-C482-4EEE-AFD4-6B2CA5B51905,5342.0,21.0,6436,8,6545,5
1547AC9F-B475-4B16-ABA4-ECFCC8EBD23F,4679.0,18.0,4768,17,4800,20
04734431-5989-4848-81DF-BFCCA48C9197,5102.0,-7.0,3592,-14,4450,-11
146ACCEB-7537-4845-801A-46D2C613C052,6942.0,2.0,5324,21,5250,21
9DCA8052-AC00-45B5-A082-75AB6B4DDE4D,4122.0,12.0,3894,6,3700,14
B14B9C82-7E4D-4634-8797-EFC8ED12186A,4956.0,-6.0,4108,-4,4350,-10
4D45CA96-F17F-4B54-A153-06F285553D4A,5446.0,18.0,5532,20,5950,21
4436F4F0-7E47-4078-B4F2-67A9EB5903C7,4294.0,6.0,4804,9,5550,2
F98DF823-EA59-48B7-B37B-B2623BF32BC1,5266.0,7.0,4772,5,4500,2
611FAD3D-F13A-4ADC-9738-14196122513F,4857.0,19.0,4344,2,4850,10
E6B1278C-942C-4EAF-B675-C269BBF1706D,3584.0,16.0,2220,2,2764,7
38A700AE-7CA8-4801-8AB6-6BE0B58C7246,5794.0,6.0,5064,16,5682,14
E19EE488-612F-4AFC-BCB5-AEE12E4B81E0,5379.0,11.0,5028,10,4950,9
97C3FF05-A4B8-4EC2-820B-407B3A94FD62,5256.0,11.0,4920,-2,5407,0
17B81EA9-5779-40D9-9735-7AB16E1D8E99,5409.0,19.0,5220,17,6000,21
86B4E305-4B28-4A14-933A-CA4AB1EA2B2A,5420.0,25.0,6168,27,6250,23
E9377BA8-7AD5-494B-A4DE-1DC83BB0782A,4711.0,7.0,4768,-1,4900,2
189F7AC5-A4A5-4F48-BF8F-EC1631327F9D,6417.0,4.0,4620,16,5400,15
36302BB4-3AB6-488B-8077-7129B995EA7A,5486.0,20.0,4240,-6,5650,24
BD2F1439-B452-4C90-97FA-2257D142A79B,6256.0,6.0,5060,4,4930,9
01514865-00D2-45BD-B9D7-8FB0267A17EE,5877.0,11.0,4316,9,4250,10
8CAAA2D1-4167-4528-8C05-2CC09226DAD7,5587.0,7.0,10000,14,9378,20
13874F71-11F1-4D4D-A3EA-0937883314EA,4568.0,3.0,5324,9,4800,-1
F8B948E5-2183-4A7C-8EC9-29FCC0803803,5990.0,6.0,4744,4,4900,9
5549E9D9-A0A3-4E93-A495-504E0E1097EF,4306.0,25.0,3190,12,3800,11
2F291688-33B2-424C-BE5E-C08F96E2C985,7300.0,9.0,6852,6,6900,7
1C0DE5F0-A308-49C4-AE87-1BEF7763DC46,5702.0,13.0,5380,11,5632,20
8A0FB488-C172-45A8-819E-554D64B1DC38,5256.0,11.0,5480,9,5619,11
48F885C1-3CC7-4C13-AAB1-0B31E9C8B7E2,5379.0,11.0,4668,20,4750,27
539315FD-1E58-4B28-AEBD-F3AFF20E3410,7105.0,15.0,6068,6,6000,9
FC686736-BED3-4385-A8DF-EFE4C1CB2A34,5752.0,11.0,4540,6,5077,6
1D551B37-B0D7-464A-8932-D64D7540FDFE,5452.0,16.0,5776,22,6000,21
A2258E15-7E3B-44F3-AB26-10056FA66804,6317.0,4.0,3570,0,3950,-4
B62D3940-4938-460E-96EE-6F7297A4DAA6,4679.0,18.0,4784,16,4900,21
03CA65DF-E0F2-4C50-A9A3-9E6B0B16DE0E,4818.0,8.0,4856,11,5012,11
8266FA90-8592-43DB-A856-3255B43D7DA3,5046.0,3.0,5688,7,5419,6
37590F65-27BD-4DBD-A797-F8DEF5241F98,4680.0,10.0,3848,7,4950,16
B96DEB0E-BF18-4862-B8CE-E7A1627892EA,3313.0,14.0,2514,6,2950,10
DBE9BD99-1FC1-49A3-9261-2743D5335B9F,4474.0,12.0,3410,-11,4419,-4
04E57B87-E31F-4CC4-B405-2B5212653CF6,4592.0,19.0,3880,11,3800,14
430F1CA2-7217-40A4-9D89-911582B4B1F5,2497.0,17.0,2630,-9,2000,-4
F0B72654-5DFB-4609-84E4-D5ADDC5564DD,4189.0,12.0,3464,13,3450,4
3F0BAC23-C434-4A8A-91A8-BE603FC31E44,5311.0,13.0,5204,6,5250,7
287E1AF1-2E78-4C6B-B7C3-1A332E1838A8,6133.0,1.0,4200,-6,5000,4
2247206E-EAD6-4838-95F8-A40B282143F5,5306.0,-3.0,4164,-16,4600,-5
53B23654-B1DF-42AF-AC26-0C4802F33A5A,4804.0,28.0,4488,3,4050,15
F8DB94FB-5A9D-48C3-B273-D43CE10C9312,5448.0,10.0,5572,7,5550,14
EDC82341-F19C-4E75-85CF-4B6F81D02E0B,6855.0,14.0,4496,8,4800,10
8F5C869E-3204-424D-A97D-FB2CB30CDBA9,3563.0,1.0,2986,-3,3450,0
C26DE71D-F640-49EB-B707-22F90E573EEC,5306.0,-3.0,4152,-14,4500,-10
842E8239-1616-47B2-AB47-735054E7065E,5379.0,11.0,4420,9,4400,10
2EDB3A05-C751-4653-BCF9-3D42324B0F87,5752.0,11.0,3808,1,4600,13
210097A9-1385-4250-9C8E-BFC1047AC360,6256.0,6.0,5620,10,5550,20
1E003E30-3399-4745-9B55-E343C1BF7C89,5256.0,11.0,4208,12,4050,12
8821097A-9726-4E53-BDCF-24A59137CAD4,5891.0,12.0,5604,5,5100,4
1C5C3F3D-8EC3-4E5F-81D2-2DAD79698C72,4795.0,13.0,4156,9,4550,15
CEBB5F0E-27CE-4D51-82A1-F13241BC2EA8,4917.0,15.0,5636,11,6000,9
2645245E-E244-4811-91B0-11D65A8C70BD,5789.0,7.0,5728,-1,5632,1
D5A64BEF-766C-4BBA-8F5E-41222472D6AE,5687.0,5.0,4196,11,4600,12
31BF2445-9AB5-4416-B982-07826860A63B,4144.0,26.0,2714,3,2950,2
C763C5A3-C87B-40F7-A1C2-12289D921095,5672.0,7.0,4272,8,4250,8
55157F89-A36B-4607-82DA-7B218CEC43B2,5496.0,17.0,5244,14,5900,14
608B2BB5-A7D1-4BEA-80AB-4243BCBBC146,5496.0,6.0,4428,13,5000,25
BF41E308-D5D6-4255-8D41-12C3B550EA45,4796.0,-10.0,3486,-9,4300,-14
B224C1F7-7475-4753-9784-59BD43E6F552,4591.0,-8.0,4064,-5,4350,-12
C33032CE-ED30-4005-AB18-22FA97F4FD92,4927.0,19.0,5284,16,5582,20
EA25D16B-CF9E-4417-9B18-80A39FBFCDF4,6351.0,-8.0,6988,7,7122,7
F13D9E28-82A8-4DDE-96FD-19EF7FE81745,6911.0,22.0,4956,12,5495,17
F6D70877-C927-43A0-97DE-22A7764FF9CD,5990.0,6.0,4840,10,5050,14
624D063E-2D18-42BB-9D75-8704C7251CB4,6108.0,23.0,4948,8,5750,7
FF21950D-958A-4FED-AC90-08DAF5821B46,5140.0,11.0,5848,18,5500,14
BC442FF0-5439-4B84-BD4F-4205F59204EF,7597.0,1.0,4196,5,5350,6
8CD58459-F4B6-43E6-931A-FB9DF384D8CE,5379.0,11.0,4980,14,6190,18
7FE3F226-A1F1-4C80-82EF-A387A8EC7F85,4797.0,-1.0,3772,0,4150,0
DA720485-9A8E-4CA8-9184-DEAB8101090E,5339.0,3.0,4004,5,4000,4
5D792D2B-2761-40AE-861F-521251BBE7E5,5379.0,11.0,4420,16,4908,17
8C783E89-EA46-4E62-BE77-0C58C2A6C263,5256.0,11.0,4916,14,5545,15
AE5BF324-B1C0-4B4E-B749-FC40FBB2BD98,4915.0,10.0,4472,11,4550,9
FF1935D1-EDFC-4450-8E5E-C6215D8ED433,4713.0,13.0,3338,8,3850,0
869AF99F-0223-4BEA-BE38-BC9BD86CA317,5654.0,9.0,5324,20,5450,23
EA4B5628-A5AA-45E8-A21B-344C6C3B592C,6317.0,4.0,4536,8,4600,6
C6683B9D-AE29-47C4-9971-0473F34AABDF,5749.0,-3.0,5856,5,6304,4
76F148A5-4F03-4B5A-B7B9-B2BF9E5DF9CD,5713.0,4.0,5036,17,5132,9
DF329E11-0492-460E-81B2-1D5DB8D35CB7,7105.0,15.0,6060,19,6300,18
941EF26E-8F76-45D2-8875-38A965726FE2,4657.0,-2.0,5472,14,5050,4
958EE891-1440-4198-AB0C-638DA6E77C87,5626.0,22.0,6668,20,5950,17
803C04B5-CC0E-486B-B7D9-C674EF608C8E,5248.0,11.0,4864,-3,5050,7
F68DE4C9-5284-452B-A053-FACD69ABA9D5,5702.0,22.0,3702,20,4000,14
4BAC9F81-DA78-4739-A57E-3875BD83DD99,5512.0,6.0,5060,-2,6323,5
00B3F401-D2D1-402D-9AF3-746B9AE294B2,7133.0,7.0,6156,3,6845,8
55A23687-4759-408D-893D-DE1A6E28A65D,3587.0,11.0,4046,-3,2915,6
759D0294-1558-4C4E-8694-E27CDE1ABD4E,4070.0,13.0,2640,7,3100,0
83E03477-207A-4CC4-91E4-C208FB665C77,5471.0,19.0,5560,19,5850,21
55AC4340-3442-41A9-BD97-EC4A77F20170,3696.0,12.0,3042,4,3650,8
9C56A2EA-1F9E-477F-B9F4-756A101B3FB2,4009.0,17.0,2436,-9,2950,-1
C8682FF0-87EA-46B3-B5FB-F40571DC33CA,6944.0,23.0,8680,5,7685,13
254FDFE7-F5F1-4211-AB07-CFECDDD54B80,6942.0,2.0,4592,-4,4750,-2
8F6ACDD8-B1C6-40A2-A903-3C20C7E9C6F2,4710.0,13.0,5216,6,5250,0
CA95AA86-7C29-457F-91D8-CCC512C67E7E,5545.0,0.0,4900,9,5432,9
5491C2F4-7337-4509-9909-42CE3D74F719,3543.0,-1.0,3172,-2,3450,-3
61E3F7AB-AB6D-458D-B368-F8C89247EED2,5256.0,15.0,5612,7,5700,9
4D347A09-24A6-411E-A3C6-53E562B96FE0,5256.0,11.0,4588,5,5295,5
D85E0C54-7571-4A8A-94BA-E32C09DE44EC,4541.0,13.0,3834,-4,4782,6
DB726CF9-6A9E-47AC-B8AD-41B4CDF29730,4569.0,16.0,5132,11,5050,18
67DE46DD-6D73-4EB5-A758-966E3478F1D5,4863.0,17.0,4058,16,4400,17
1AF39522-4DB8-4C98-A398-A207C4D5F9B9,4699.0,14.0,3852,13,3850,7
2E37BEE7-4B57-4827-8907-F96F29DDCE53,5497.0,14.0,5200,-2,5250,5
37591B99-EB49-4BAD-BA05-3377339AA2E9,4454.0,18.0,3818,11,4350,15
48992B92-F029-4312-A555-9B52E14377BC,4675.0,7.0,4496,8,4500,8
E4ED661B-8091-4DF2-A6D8-DCB78DAB9AB2,5409.0,8.0,5484,11,5569,5
D8515140-3F24-4810-BA76-EC86B604B20B,5314.0,2.0,4280,2,4450,4
3CFC1344-EC94-4515-A8C9-9E0565E384D3,7597.0,1.0,3672,-2,4300,8
E759D530-88DC-4843-BEB9-2F9DEE2A78DC,7597.0,1.0,4952,6,4808,8
D8DD2091-09D8-4807-8AA1-35E1BAB22FC7,3342.0,-8.0,2480,12,2750,7
1688569F-5B33-4D3D-A75B-D4134127078D,4541.0,13.0,4528,11,4936,10
20F90D9C-AC18-425F-9661-FA353FA9344C,5158.0,15.0,6688,17,6532,18
C49662DA-37FD-4075-8EE2-127987C77556,4811.0,18.0,4736,10,4900,17
D5B505C0-AD2F-446E-A291-F93CC80BA801,4613.0,9.0,4836,-1,4300,2
42FB4C83-19C0-4382-B9C7-604FCA62F7F2,5285.0,11.0,5008,10,5250,16
12449F76-6CFA-4025-8BDD-46BC626F77CD,3969.0,-17.0,4388,-1,4500,-11
212A85B0-C3BA-4DB7-9A4D-0E3D419BC87E,6317.0,4.0,4320,11,4700,6
EEFE81E9-8FC4-450C-A924-065F9FA1B52A,5248.0,11.0,4476,-8,5050,-8
64662A4D-414C-4480-92F1-A10EB23EE5AB,5559.0,11.0,4372,11,4400,14
DB7F4A4E-C310-4CE2-AB64-F20A6F633A53,6336.0,0.0,7264,5,7282,6
22DB2483-9E3A-4597-B6A3-769DC0FD88A7,5366.0,17.0,5744,23,5900,21
D89740DE-BD30-47DE-B02F-CF116F7F7D4F,4280.0,23.0,4640,20,4100,20
6CC70019-B3A1-4D7F-B1CE-9873A7EFA188,5354.0,25.0,5492,23,5450,22
A0197404-FF71-41EE-98DB-C393D441FF9A,4417.0,46.0,3298,29,3800,30
A60548A2-00DC-458F-8BE3-5DD493B1D21D,5713.0,4.0,4952,3,4650,8
A5B97A59-EA07-4592-A84F-383638DF935C,4679.0,18.0,4200,19,4750,21
1699D634-6AB8-4620-A755-ACB206D1B87B,5727.0,13.0,5252,5,5850,12
DA770DFF-E5A2-4F70-8C7F-79568FB29174,6563.0,12.0,8032,9,8381,21
7F7C6F80-61AE-464C-A89A-24D8FBD58B3C,4430.0,1.0,4172,-4,4420,-8
042129F3-24BB-4463-9D7A-1743B47EB8ED,5990.0,6.0,5508,25,5550,25
3408DF3B-06D7-4661-BA46-E69782E1C844,4672.0,14.0,4696,6,5000,13
4E2DB6AF-2CD5-4875-BD17-7861846578CD,4850.0,14.0,4728,-3,4800,3
A9EE35F5-8ED1-4DB3-B6FF-57E3680C3097,4513.0,-1.0,6720,5,5525,3
015281AE-31A4-4CC3-AD5E-629DB0544CBE,4238.0,9.0,4936,12,4650,9
17421DC0-DC44-4AFC-9FAF-916EA390846A,4795.0,13.0,5248,-2,5250,4
96F330AC-339F-4C54-B688-957F8C51AF4D,7105.0,15.0,4980,22,5317,28
982821BF-EBE3-41DA-B497-E99A4DFE0A5E,5621.0,13.0,4272,6,4350,11
282D97E9-4BBD-4282-9C35-0B3A8092A60A,4679.0,18.0,4070,8,4800,10
FDE22486-71D8-4ED3-99CD-5486FC39B6A1,6256.0,6.0,3940,10,4200,9
9743B84F-777B-4340-82E5-8EBA59EDC0EF,5332.0,11.0,5112,3,4950,12
F9030A57-E2D0-4D5D-93A3-72510148EA10,5326.0,18.0,6060,16,6050,16
3F58C015-41F8-434E-9BE9-54A3349BD903,5220.0,-17.0,4588,-11,5000,5
0F04947D-A130-4EC5-89D3-8D6812DEF5FA,3271.0,12.0,3016,-9,2400,-2
321CAE4A-2D40-4189-AE89-B8EF052CEF72,4689.0,6.0,5540,8,5000,10
816F887B-0BAD-4171-B3C0-1DDAE11C5A2B,7597.0,1.0,4736,9,5233,12
094276E7-4631-4F97-82C1-6416397BFEF1,7331.0,2.0,6932,5,6900,-4
9A62F8E4-6A85-4020-BBEE-0498FD720C49,5695.0,9.0,3728,7,4150,12
F1D0DF04-4A7F-4C6A-8D9C-1DA3C00F73C8,7107.0,4.0,6240,-6,6000,4
0AABD2D3-7D13-4349-8046-04F7BDB46C7E,5478.0,14.0,5728,15,5982,16
AE07A451-F149-430E-8AE0-26475AE72AE3,5256.0,11.0,7308,-12,6750,2
7470CC94-573F-42E6-AA27-424D87361342,6426.0,0.0,6048,8,6450,3
734DCC68-55BE-41EC-893D-3A9C8BB7E188,5517.0,8.0,6856,12,5950,5
D596BCF5-447F-4FF2-8E1C-1D2048D682DB,9719.0,7.0,10000,-2,8600,1
EDD00A24-A0C1-4628-9062-DDD4EE686C18,5505.0,7.0,5248,-3,5282,1
B7945F8D-1430-42F3-ADED-0E4BB774A632,5896.0,10.0,5044,5,5300,5
CC50D46B-249F-4C62-8217-8D5773B83DF9,3058.0,1.0,2600,2,2750,5
92F29809-9372-410A-9047-6299BAD18578,6942.0,2.0,3016,1,3400,-4
B3359E0A-33CE-4C9E-9768-C9846C4081F6,5354.0,-3.0,4728,-12,5000,-5
BE6FC484-0192-44AC-9FB6-AC59369EAA8A,4514.0,13.0,4188,-3,4100,-1
55EC3E9E-BDA9-47C6-951D-EE8A026416A1,6096.0,7.0,5124,13,5532,14
820D0447-5DB5-4DFD-8D9D-2618254DB88F,5256.0,11.0,4688,14,4500,13
F0BBF6E9-53BD-4144-991B-88F38A45696A,5515.0,17.0,4816,9,5200,10
711C4C98-73B9-44B8-AE4A-1933EB534511,5354.0,-3.0,3486,-15,4600,-5
0CAC8174-084E-4B32-81BB-7BF61621E126,6132.0,23.0,5348,8,6021,15
DC44E1C8-0D64-432F-981A-3F9C1726CA76,6317.0,4.0,5140,4,4850,3
84405E70-7814-48E8-9F71-84A9112FEEAF,3137.0,-9.0,4212,3,2750,-15
024DA11E-6F68-4A51-A6DA-0A4326072224,4739.0,16.0,4896,10,5400,12
46ACA39F-DB84-4EA9-98F5-A5F06C7B536B,5256.0,11.0,4058,11,4300,9
F1C4FA2A-1C2F-4896-9FC9-93175F210A55,6317.0,4.0,3666,1,4200,5
1FF30A2A-FD26-434D-9471-E2730B0AB5B7,5433.0,18.0,4928,15,5904,18
E535AFEC-EF54-4B7B-BC3A-9320788FA0DE,5713.0,4.0,4944,8,5000,7
FB51BC8E-A755-4F66-B182-61566F8D5E17,2789.0,7.0,2014,0,2550,2
1EE96773-97B8-4BB4-917C-44BA68260EAB,4371.0,10.0,3642,-3,3732,-4
E4549690-34C4-41A9-A51E-46B7E9EE2318,5310.0,11.0,4808,8,5350,10
A748A6D9-0AB1-4CDB-BBE8-19B68C235BA1,6348.0,11.0,4992,-3,5150,-2
710FD421-C585-4439-91E2-9CC7CF1678E9,5537.0,-3.0,5064,-3,5200,-5
6E46089A-263B-4880-85A4-41B8A097D1D8,3667.0,-4.0,4492,-13,5150,-5
E6EB5551-BDE2-4251-AB36-E6574BBE5AFE,4584.0,25.0,4464,16,4650,23
9A1C1293-E92D-4A7E-A8BE-E85264DA8A7D,5596.0,6.0,4996,7,6071,14
D9493A04-8118-48CD-A0F9-83277CF0002F,6691.0,22.0,6276,18,6347,17
34D55D08-F226-4445-BA1D-DA2FE69F8731,5573.0,11.0,5396,23,5682,24
1E089831-8376-41E4-9035-42AEDD35471F,4891.0,4.0,5832,15,5732,19
6F8090A1-8A97-4252-A7D0-893C71787279,5496.0,6.0,5216,13,5450,14
52A60BF7-0EC7-4EB7-850C-8C908C54F5DE,4677.0,18.0,4824,16,4950,20
8589642D-107F-4379-9C7B-BE123FF8B355,5496.0,6.0,4660,5,5000,12
53733176-CE15-4802-A1CC-A25BB8FACFF2,6942.0,2.0,3442,0,4200,3
65B853FC-0FD3-48C9-83A9-B811C9B105DE,4679.0,18.0,4760,19,5000,20
DA924DCA-CF76-42F0-B6C7-3E20226EA08A,4544.0,-1.0,4108,-3,3700,0
C3FB0228-6D99-4851-8FD8-E757C05D4FDC,6236.0,6.0,6344,13,6737,12
A7D42CFD-D484-492E-AA88-868B67B90F00,5256.0,11.0,4464,1,5220,5
E02786BC-3715-445A-9679-84E622239F61,5526.0,13.0,5448,21,5550,18
6AA291C6-3646-482D-AA46-94D6B7914924,5432.0,19.0,5528,19,5850,21
CE1A0E43-FE74-4E49-A10D-09447C4BDBB3,5751.0,6.0,7836,9,6432,13
FEBD6F60-4A2E-4B63-9843-D5B9416D526B,4994.0,5.0,6408,8,6450,8
8E9910AB-9123-430D-A1BE-15AB9AE97D69,5428.0,11.0,5424,11,5600,8
6FFA6F70-280C-4F4E-8D07-2B3247A28ACB,5021.0,20.0,5268,18,4850,21
6DB90CCE-7747-4EB1-A465-975335476211,4269.0,3.0,5636,5,3900,14
178C28B5-2550-4AC6-8BCB-943A39EA20F4,5442.0,0.0,5112,-7,4700,-12
3B546D00-FC95-4E00-BF7D-33E6EC67E422,5095.0,0.0,4420,5,5000,5
A21033FF-6A72-4560-BCB7-1EA11C2D8EA8,5496.0,6.0,5044,6,5300,10
E48A72DA-FCA5-4AC9-9889-9FEC69FFCB1F,6250.0,-6.0,5792,-3,5950,-2
A0B76C32-D732-4739-A683-1D29D0CC303C,3907.0,7.0,2308,6,2865,3
BB342BFC-E86B-4B2F-8A00-A323A1F891DB,4948.0,11.0,4144,7,4500,7
0686B5B2-77F2-4E08-9B6A-82CC29E14ACC,6317.0,4.0,4006,-5,4500,-1
98D29D45-4181-4A2A-A701-B60791394562,6000.0,7.0,5908,2,5896,11
5C378935-7E27-4AB5-AD4B-44FF1487DC0D,4604.0,7.0,3974,15,4350,17
96908350-FBB4-454F-8E9E-BBAE347A2C91,5163.0,16.0,5096,15,5300,19
692B98A0-64CA-48C1-A91D-060A4B7235F7,4580.0,12.0,4436,2,4420,12
28187DFB-FE57-4B7B-BA6B-02A746E0B070,5248.0,11.0,4696,6,5050,7
877808F9-7803-4178-B57A-3C8C7F38CD15,4253.0,-1.0,3638,4,4350,-1
13B6BD93-B4B6-4B72-9019-619B2CC2DAB6,6067.0,6.0,5600,2,5519,3
76748C1D-7412-4D5B-BF2A-B2B38B4914F8,6454.0,6.0,6888,0,6750,2
B112EE1B-8FB0-4741-8F69-D8B5EE57AE47,5256.0,11.0,4400,6,4900,-2
54F6E5F1-A0D0-44DF-8F1F-CD7E3054FB80,5379.0,11.0,5384,12,6054,13
A0B850D0-B025-4E6E-BD42-8F4C65DD3CAB,5033.0,6.0,4592,-4,4858,6
A64C2AE0-BDEE-44A1-9AE6-6C09A8D00CB5,5285.0,11.0,3516,8,4300,10
BC3423C1-7489-4893-826B-5D4C6FE1FC8D,5713.0,4.0,5528,6,5400,9
8AEEE3B8-4318-4AF8-94D4-831B3AAF63C3,3406.0,-5.0,4156,-11,3500,-10
8B665A1D-8FBF-4F41-BCA7-5DF3D9CDF405,5719.0,10.0,5044,15,5500,16
CF61E9B0-6EEC-491F-A40B-E5D312B4D622,5329.0,5.0,4152,12,4950,10
